date,close,volume,ticker
2015-10-07,7225.0,31231,228810.KS
2015-10-08,7165.0,2110,228810.KS
2015-10-12,7265.0,15,228810.KS
2015-10-13,7175.0,102,228810.KS
2015-10-14,7025.0,349,228810.KS
2015-10-15,7095.0,7,228810.KS
2015-10-16,7175.0,115098,228810.KS
2015-10-19,7115.0,4,228810.KS
2015-10-20,7125.0,3,228810.KS
2015-10-21,7125.0,13,228810.KS
2015-10-22,6930.0,2136,228810.KS
2015-10-23,7015.0,20,228810.KS
2015-10-26,7235.0,35,228810.KS
2015-10-27,7280.0,12,228810.KS
2015-10-28,7290.0,123,228810.KS
2015-10-29,7315.0,30,228810.KS
2015-10-30,7140.0,380,228810.KS
2015-11-02,7135.0,0,228810.KS
2015-11-03,7130.0,1,228810.KS
2015-11-04,7095.0,13,228810.KS
2015-11-05,7145.0,58,228810.KS
2015-11-06,7145.0,293,228810.KS
2015-11-09,7065.0,577,228810.KS
2015-11-10,6740.0,1292,228810.KS
2015-11-11,6750.0,16,228810.KS
2015-11-12,6705.0,29,228810.KS
2015-11-13,6765.0,22,228810.KS
2015-11-16,6570.0,580,228810.KS
2015-11-17,6730.0,38,228810.KS
2015-11-18,6920.0,252,228810.KS
2015-11-19,6950.0,108,228810.KS
2015-11-20,6990.0,31,228810.KS
2015-11-23,7125.0,5106,228810.KS
2015-11-24,7185.0,3218,228810.KS
2015-11-25,7185.0,98,228810.KS
2015-11-26,7260.0,38992,228810.KS
2015-11-27,7245.0,206,228810.KS
2015-11-30,7240.0,50,228810.KS
2015-12-01,7220.0,276,228810.KS
2015-12-02,7270.0,519,228810.KS
2015-12-03,7180.0,330,228810.KS
2015-12-04,7165.0,348,228810.KS
2015-12-07,7245.0,8996,228810.KS
2015-12-08,7125.0,92,228810.KS
2015-12-09,7075.0,6,228810.KS
2015-12-10,7065.0,20042,228810.KS
2015-12-11,7100.0,67514,228810.KS
2015-12-14,6895.0,60731,228810.KS
2015-12-15,6915.0,44,228810.KS
2015-12-16,7020.0,143,228810.KS
2015-12-17,7045.0,70825,228810.KS
2015-12-18,7160.0,1192,228810.KS
2015-12-21,7120.0,892,228810.KS
2015-12-22,7035.0,1,228810.KS
2015-12-23,7045.0,638,228810.KS
2015-12-24,6940.0,239,228810.KS
2015-12-28,6825.0,40,228810.KS
2015-12-29,7075.0,9007,228810.KS
2015-12-30,7235.0,254,228810.KS
2016-01-04,7155.0,1027,228810.KS
2016-01-05,7165.0,539,228810.KS
2016-01-06,7235.0,543,228810.KS
2016-01-07,7230.0,575,228810.KS
2016-01-08,7170.0,365,228810.KS
2016-01-11,7140.0,56681,228810.KS
2016-01-12,7120.0,21,228810.KS
2016-01-13,7290.0,146,228810.KS
2016-01-14,7180.0,55037,228810.KS
2016-01-15,7120.0,368,228810.KS
2016-01-18,7095.0,730,228810.KS
2016-01-19,7210.0,301,228810.KS
2016-01-20,6920.0,660,228810.KS
2016-01-21,6985.0,28,228810.KS
2016-01-22,7170.0,172,228810.KS
2016-01-25,7310.0,21311,228810.KS
2016-01-26,7290.0,42,228810.KS
2016-01-27,7250.0,7286,228810.KS
2016-01-28,7200.0,15,228810.KS
2016-01-29,7230.0,4323,228810.KS
2016-02-01,7195.0,133,228810.KS
2016-02-02,7110.0,23,228810.KS
2016-02-03,7035.0,629,228810.KS
2016-02-04,7080.0,884,228810.KS
2016-02-05,7035.0,106,228810.KS
2016-02-11,6720.0,94465,228810.KS
2016-02-12,6400.0,68046,228810.KS
2016-02-15,6460.0,23157,228810.KS
2016-02-16,6610.0,40125,228810.KS
2016-02-17,6380.0,4,228810.KS
2016-02-18,6480.0,1519,228810.KS
2016-02-19,6625.0,53008,228810.KS
2016-02-22,6685.0,196,228810.KS
2016-02-23,6455.0,187069,228810.KS
2016-02-24,6370.0,10532,228810.KS
2016-02-25,6445.0,351,228810.KS
2016-02-26,6475.0,10757,228810.KS
2016-02-29,6570.0,375,228810.KS
2016-03-02,6590.0,105,228810.KS
2016-03-03,6700.0,322,228810.KS
2016-03-04,6695.0,276,228810.KS
2016-03-07,6650.0,200263,228810.KS
2016-03-08,6680.0,631,228810.KS
2016-03-09,6690.0,2976,228810.KS
2016-03-10,6795.0,356,228810.KS
2016-03-11,6745.0,16,228810.KS
2016-03-14,6810.0,1298,228810.KS
2016-03-15,6760.0,124,228810.KS
2016-03-16,6750.0,10172,228810.KS
2016-03-17,6795.0,173829,228810.KS
2016-03-18,6820.0,735,228810.KS
2016-03-21,6775.0,310,228810.KS
2016-03-22,6830.0,101,228810.KS
2016-03-23,6870.0,277,228810.KS
2016-03-24,6830.0,173599,228810.KS
2016-03-25,6825.0,232,228810.KS
2016-03-28,6800.0,646,228810.KS
2016-03-29,6820.0,1872,228810.KS
2016-03-30,6770.0,84,228810.KS
2016-03-31,6685.0,5579,228810.KS
2016-04-01,6680.0,259,228810.KS
2016-04-04,6660.0,91,228810.KS
2016-04-05,6580.0,209,228810.KS
2016-04-06,6700.0,189,228810.KS
2016-04-07,6665.0,151,228810.KS
2016-04-08,6665.0,68,228810.KS
2016-04-11,6605.0,62,228810.KS
2016-04-12,6605.0,113,228810.KS
2016-04-14,6470.0,1806,228810.KS
2016-04-15,6480.0,358,228810.KS
2016-04-18,6570.0,13,228810.KS
2016-04-19,6690.0,2783,228810.KS
2016-04-20,6655.0,185,228810.KS
2016-04-21,6730.0,366,228810.KS
2016-04-22,6785.0,149,228810.KS
2016-04-25,6840.0,1668,228810.KS
2016-04-26,6760.0,464,228810.KS
2016-04-27,6760.0,54,228810.KS
2016-04-28,6800.0,2,228810.KS
2016-04-29,6795.0,19,228810.KS
2016-05-02,6620.0,426,228810.KS
2016-05-03,6730.0,249,228810.KS
2016-05-04,6705.0,12,228810.KS
2016-05-09,6675.0,12,228810.KS
2016-05-10,6785.0,117,228810.KS
2016-05-11,6965.0,2581,228810.KS
2016-05-12,7015.0,651,228810.KS
2016-05-13,7005.0,3197,228810.KS
2016-05-16,6975.0,201,228810.KS
2016-05-17,6935.0,2,228810.KS
2016-05-18,6750.0,536,228810.KS
2016-05-19,6615.0,125,228810.KS
2016-05-20,6695.0,32,228810.KS
2016-05-23,6790.0,185,228810.KS
2016-05-24,6690.0,15012,228810.KS
2016-05-25,6850.0,2115,228810.KS
2016-05-26,6755.0,4511,228810.KS
2016-05-27,6770.0,5326,228810.KS
2016-05-30,6800.0,1429,228810.KS
2016-05-31,6825.0,120,228810.KS
2016-06-01,6855.0,19,228810.KS
2016-06-02,6820.0,7,228810.KS
2016-06-03,6820.0,166,228810.KS
2016-06-07,6840.0,100,228810.KS
2016-06-08,6810.0,2000,228810.KS
2016-06-09,6850.0,0,228810.KS
2016-06-13,6735.0,125,228810.KS
2016-06-14,6715.0,2,228810.KS
2016-06-15,6680.0,20,228810.KS
2016-06-16,6610.0,209,228810.KS
2016-06-17,6620.0,12,228810.KS
2016-06-20,6655.0,56,228810.KS
2016-06-22,6655.0,119,228810.KS
2016-06-23,6495.0,348,228810.KS
2016-06-24,6190.0,467,228810.KS
2016-06-27,6215.0,159,228810.KS
2016-06-28,6340.0,124,228810.KS
2016-06-29,6460.0,5223,228810.KS
2016-06-30,6455.0,3,228810.KS
2016-07-01,6490.0,2,228810.KS
2016-07-04,6470.0,92,228810.KS
2016-07-05,6450.0,9,228810.KS
2016-07-06,6375.0,48,228810.KS
2016-07-07,6440.0,13,228810.KS
2016-07-08,6340.0,10,228810.KS
2016-07-11,6355.0,12,228810.KS
2016-07-12,6425.0,11,228810.KS
2016-07-13,6495.0,185,228810.KS
2016-07-14,6395.0,10009,228810.KS
2016-07-15,6395.0,42,228810.KS
2016-07-18,6440.0,31,228810.KS
2016-07-19,6510.0,61,228810.KS
2016-07-20,6540.0,10,228810.KS
2016-07-21,6575.0,12,228810.KS
2016-07-22,6540.0,113,228810.KS
2016-07-25,6505.0,320,228810.KS
2016-07-26,6490.0,236,228810.KS
2016-07-27,6385.0,702,228810.KS
2016-07-28,6350.0,111,228810.KS
2016-07-29,6290.0,66,228810.KS
2016-08-01,6140.0,143,228810.KS
2016-08-02,5895.0,169,228810.KS
2016-08-03,5850.0,10593,228810.KS
2016-08-04,5880.0,914,228810.KS
2016-08-05,5680.0,24109,228810.KS
2016-08-08,5830.0,598,228810.KS
2016-08-09,5850.0,630,228810.KS
2016-08-10,6020.0,640,228810.KS
2016-08-11,5935.0,60,228810.KS
2016-08-12,5945.0,417,228810.KS
2016-08-16,5950.0,33037,228810.KS
2016-08-17,5885.0,304,228810.KS
2016-08-18,5825.0,20005,228810.KS
2016-08-19,5760.0,54,228810.KS
2016-08-22,5690.0,300,228810.KS
2016-08-23,5680.0,11,228810.KS
2016-08-24,5665.0,8,228810.KS
2016-08-25,5670.0,128,228810.KS
2016-08-26,5630.0,734,228810.KS
2016-08-29,5565.0,193,228810.KS
2016-08-30,5525.0,558,228810.KS
2016-08-31,5500.0,6093,228810.KS
2016-09-01,5645.0,332,228810.KS
2016-09-02,5695.0,150,228810.KS
2016-09-05,5690.0,121,228810.KS
2016-09-06,5670.0,4,228810.KS
2016-09-07,5565.0,57,228810.KS
2016-09-08,5530.0,5113,228810.KS
2016-09-09,5490.0,156,228810.KS
2016-09-12,5385.0,393,228810.KS
2016-09-13,5395.0,3,228810.KS
2016-09-19,5465.0,8,228810.KS
2016-09-20,5525.0,6022,228810.KS
2016-09-21,5615.0,483,228810.KS
2016-09-22,5680.0,305,228810.KS
2016-09-23,5695.0,941,228810.KS
2016-09-26,5735.0,246,228810.KS
2016-09-27,5735.0,2,228810.KS
2016-09-28,5735.0,9,228810.KS
2016-09-29,5715.0,241,228810.KS
2016-09-30,5645.0,37,228810.KS
2016-10-04,5695.0,4,228810.KS
2016-10-05,5715.0,6,228810.KS
2016-10-06,5730.0,25,228810.KS
2016-10-07,5635.0,23,228810.KS
2016-10-10,5615.0,9,228810.KS
2016-10-11,5570.0,113,228810.KS
2016-10-12,5615.0,41,228810.KS
2016-10-13,5570.0,12,228810.KS
2016-10-14,5550.0,27,228810.KS
2016-10-17,5540.0,103,228810.KS
2016-10-18,5505.0,64,228810.KS
2016-10-19,5500.0,41,228810.KS
2016-10-20,5520.0,1540,228810.KS
2016-10-21,5485.0,44,228810.KS
2016-10-24,5490.0,37,228810.KS
2016-10-25,5405.0,38,228810.KS
2016-10-26,5370.0,267,228810.KS
2016-10-27,5485.0,46,228810.KS
2016-10-28,5440.0,0,228810.KS
2016-10-31,5325.0,58,228810.KS
2016-11-01,5330.0,561,228810.KS
2016-11-02,5170.0,423,228810.KS
2016-11-03,5140.0,12013,228810.KS
2016-11-04,5130.0,30141,228810.KS
2016-11-07,5260.0,779,228810.KS
2016-11-08,5285.0,9,228810.KS
2016-11-09,5175.0,123,228810.KS
2016-11-10,5300.0,815,228810.KS
2016-11-11,5280.0,232,228810.KS
2016-11-14,5285.0,23,228810.KS
2016-11-15,5315.0,1,228810.KS
2016-11-16,5340.0,30,228810.KS
2016-11-17,5365.0,61,228810.KS
2016-11-18,5285.0,960,228810.KS
2016-11-21,4985.0,1461,228810.KS
2016-11-22,4975.0,2090,228810.KS
2016-11-23,4910.0,4174,228810.KS
2016-11-24,4790.0,496,228810.KS
2016-11-25,4845.0,76,228810.KS
2016-11-28,4840.0,4,228810.KS
2016-11-29,4950.0,689,228810.KS
2016-11-30,4915.0,131,228810.KS
2016-12-01,4945.0,5,228810.KS
2016-12-02,4910.0,168,228810.KS
2016-12-05,4800.0,33,228810.KS
2016-12-06,4885.0,4,228810.KS
2016-12-07,4950.0,423,228810.KS
2016-12-08,5015.0,20439,228810.KS
2016-12-09,5075.0,2161,228810.KS
2016-12-12,5110.0,10590,228810.KS
2016-12-13,5140.0,11,228810.KS
2016-12-14,5125.0,14,228810.KS
2016-12-15,5175.0,754,228810.KS
2016-12-16,5225.0,901,228810.KS
2016-12-19,5215.0,19211,228810.KS
2016-12-20,5220.0,5,228810.KS
2016-12-21,5220.0,4,228810.KS
2016-12-22,5130.0,0,228810.KS
2016-12-23,5130.0,4,228810.KS
2016-12-26,5105.0,201,228810.KS
2016-12-28,5225.0,9320,228810.KS
2016-12-29,5290.0,2022,228810.KS
2017-01-02,5200.0,484010,228810.KS
2017-01-03,5160.0,281857,228810.KS
2017-01-04,5195.0,266263,228810.KS
2017-01-05,5320.0,150703,228810.KS
2017-01-06,5315.0,197020,228810.KS
2017-01-09,5275.0,25137,228810.KS
2017-01-10,5240.0,1112,228810.KS
2017-01-11,5250.0,21,228810.KS
2017-01-12,5220.0,48,228810.KS
2017-01-13,5260.0,1063,228810.KS
2017-01-16,5255.0,4,228810.KS
2017-01-17,5230.0,3524,228810.KS
2017-01-18,5310.0,1101,228810.KS
2017-01-19,5360.0,730,228810.KS
2017-01-20,5375.0,854,228810.KS
2017-01-23,5355.0,1325,228810.KS
2017-01-24,5285.0,3,228810.KS
2017-01-25,5235.0,20,228810.KS
2017-01-26,5280.0,10,228810.KS
2017-01-31,5295.0,6,228810.KS
2017-02-01,5350.0,38,228810.KS
2017-02-02,5290.0,0,228810.KS
2017-02-03,5265.0,2004,228810.KS
2017-02-06,5280.0,33,228810.KS
2017-02-07,5270.0,232,228810.KS
2017-02-08,5235.0,80,228810.KS
2017-02-09,5230.0,12,228810.KS
2017-02-10,5205.0,1197,228810.KS
2017-02-13,5195.0,616,228810.KS
2017-02-14,5220.0,98,228810.KS
2017-02-15,5245.0,1494,228810.KS
2017-02-16,5260.0,23,228810.KS
2017-02-17,5335.0,343,228810.KS
2017-02-20,5315.0,48,228810.KS
2017-02-21,5335.0,1315,228810.KS
2017-02-22,5335.0,662,228810.KS
2017-02-23,5300.0,1809,228810.KS
2017-02-24,5370.0,703,228810.KS
2017-02-27,5310.0,1067,228810.KS
2017-02-28,5250.0,4817,228810.KS
2017-03-02,5075.0,1916,228810.KS
2017-03-03,5000.0,3145,228810.KS
2017-03-06,4955.0,254,228810.KS
2017-03-07,5030.0,118,228810.KS
2017-03-08,5030.0,5,228810.KS
2017-03-09,5120.0,1982,228810.KS
2017-03-10,5185.0,3351,228810.KS
2017-03-13,5215.0,57,228810.KS
2017-03-14,5205.0,74,228810.KS
2017-03-15,5135.0,11,228810.KS
2017-03-16,5260.0,14,228810.KS
2017-03-17,5210.0,685,228810.KS
2017-03-20,5170.0,22213,228810.KS
2017-03-21,5240.0,64,228810.KS
2017-03-22,5260.0,11,228810.KS
2017-03-23,5300.0,551,228810.KS
2017-03-24,5325.0,48,228810.KS
2017-03-27,5330.0,3080,228810.KS
2017-03-28,5345.0,25,228810.KS
2017-03-29,5370.0,45393,228810.KS
2017-03-30,5315.0,309,228810.KS
2017-03-31,5365.0,282,228810.KS
2017-04-03,5470.0,2814,228810.KS
2017-04-04,5480.0,293,228810.KS
2017-04-05,5525.0,103,228810.KS
2017-04-06,5540.0,1104,228810.KS
2017-04-07,5540.0,129,228810.KS
2017-04-10,5400.0,1397,228810.KS
2017-04-11,5400.0,2659,228810.KS
2017-04-12,5460.0,53,228810.KS
2017-04-13,5500.0,498,228810.KS
2017-04-14,5460.0,20,228810.KS
2017-04-17,5550.0,162,228810.KS
2017-04-18,5625.0,438,228810.KS
2017-04-19,5660.0,538,228810.KS
2017-04-20,5700.0,138,228810.KS
2017-04-21,5715.0,833,228810.KS
2017-04-24,5750.0,1727,228810.KS
2017-04-25,5750.0,1128,228810.KS
2017-04-26,5775.0,202,228810.KS
2017-04-27,5700.0,55,228810.KS
2017-04-28,5675.0,3103,228810.KS
2017-05-02,5645.0,1089,228810.KS
2017-05-04,5755.0,216,228810.KS
2017-05-08,5800.0,378,228810.KS
2017-05-10,5785.0,985,228810.KS
2017-05-11,5805.0,68,228810.KS
2017-05-12,5775.0,157,228810.KS
2017-05-15,5900.0,532,228810.KS
2017-05-16,5845.0,1592,228810.KS
2017-05-17,5940.0,1371,228810.KS
2017-05-18,5985.0,205,228810.KS
2017-05-19,5960.0,658,228810.KS
2017-05-22,5905.0,164,228810.KS
2017-05-23,5900.0,2852,228810.KS
2017-05-24,5880.0,146,228810.KS
2017-05-25,5905.0,169178,228810.KS
2017-05-26,5915.0,170261,228810.KS
2017-05-29,5885.0,102,228810.KS
2017-05-30,5940.0,3246,228810.KS
2017-05-31,5905.0,50,228810.KS
2017-06-01,5835.0,103,228810.KS
2017-06-02,5875.0,95,228810.KS
2017-06-05,5820.0,248,228810.KS
2017-06-07,5825.0,291,228810.KS
2017-06-08,5830.0,999,228810.KS
2017-06-09,5845.0,251,228810.KS
2017-06-12,5750.0,601,228810.KS
2017-06-13,5750.0,34,228810.KS
2017-06-14,5760.0,487,228810.KS
2017-06-15,5725.0,2728,228810.KS
2017-06-16,5715.0,428,228810.KS
2017-06-19,5715.0,107,228810.KS
2017-06-20,5635.0,181,228810.KS
2017-06-21,5615.0,1173,228810.KS
2017-06-22,5610.0,234,228810.KS
2017-06-23,5695.0,12,228810.KS
2017-06-26,5675.0,944,228810.KS
2017-06-27,5685.0,2449,228810.KS
2017-06-28,5645.0,607,228810.KS
2017-06-29,5690.0,0,228810.KS
2017-06-30,5700.0,215,228810.KS
2017-07-03,5725.0,1029,228810.KS
2017-07-04,5635.0,757,228810.KS
2017-07-05,5630.0,410,228810.KS
2017-07-06,5675.0,1388,228810.KS
2017-07-07,5675.0,198,228810.KS
2017-07-10,5625.0,60,228810.KS
2017-07-11,5540.0,135,228810.KS
2017-07-12,5505.0,194,228810.KS
2017-07-13,5515.0,618,228810.KS
2017-07-14,5475.0,124,228810.KS
2017-07-17,5525.0,381,228810.KS
2017-07-18,5620.0,1422,228810.KS
2017-07-19,5650.0,1297,228810.KS
2017-07-20,5665.0,3222,228810.KS
2017-07-21,5640.0,80,228810.KS
2017-07-24,5635.0,72,228810.KS
2017-07-25,5650.0,31,228810.KS
2017-07-26,5640.0,70,228810.KS
2017-07-27,5805.0,1905,228810.KS
2017-07-28,5735.0,1520,228810.KS
2017-07-31,5705.0,28,228810.KS
2017-08-01,5700.0,122,228810.KS
2017-08-02,5655.0,7,228810.KS
2017-08-03,5600.0,0,228810.KS
2017-08-04,5580.0,5236,228810.KS
2017-08-07,5600.0,136,228810.KS
2017-08-08,5640.0,4,228810.KS
2017-08-09,5525.0,501,228810.KS
2017-08-10,5490.0,48,228810.KS
2017-08-11,5390.0,594,228810.KS
2017-08-14,5400.0,29,228810.KS
2017-08-16,5400.0,10,228810.KS
2017-08-17,5415.0,1,228810.KS
2017-08-18,5410.0,4,228810.KS
2017-08-21,5435.0,67,228810.KS
2017-08-22,5400.0,5,228810.KS
2017-08-23,5400.0,1,228810.KS
2017-08-24,5495.0,76,228810.KS
2017-08-25,5490.0,441,228810.KS
2017-08-28,5545.0,5,228810.KS
2017-08-29,5500.0,121,228810.KS
2017-08-30,5535.0,1,228810.KS
2017-08-31,5495.0,64,228810.KS
2017-09-01,5470.0,62,228810.KS
2017-09-04,5420.0,6,228810.KS
2017-09-05,5380.0,1463,228810.KS
2017-09-06,5415.0,2,228810.KS
2017-09-07,5440.0,2,228810.KS
2017-09-08,5425.0,2261,228810.KS
2017-09-11,5425.0,51,228810.KS
2017-09-12,5535.0,4,228810.KS
2017-09-13,5490.0,2082,228810.KS
2017-09-14,5490.0,0,228810.KS
2017-09-15,5505.0,0,228810.KS
2017-09-18,5600.0,38,228810.KS
2017-09-19,5570.0,22,228810.KS
2017-09-20,5525.0,40,228810.KS
2017-09-21,5390.0,40,228810.KS
2017-09-25,5295.0,65,228810.KS
2017-09-26,5295.0,206,228810.KS
2017-09-27,5350.0,16686,228810.KS
2017-09-28,5410.0,3764,228810.KS
2017-09-29,5465.0,717,228810.KS
2017-10-10,5535.0,557,228810.KS
2017-10-11,5570.0,1716,228810.KS
2017-10-12,5550.0,40,228810.KS
2017-10-13,5515.0,515,228810.KS
2017-10-16,5595.0,237,228810.KS
2017-10-17,5670.0,1079,228810.KS
2017-10-18,5665.0,13908,228810.KS
2017-10-19,5700.0,127,228810.KS
2017-10-20,5740.0,586,228810.KS
2017-10-23,5780.0,10489,228810.KS
2017-10-24,5800.0,364,228810.KS
2017-10-25,5810.0,10396,228810.KS
2017-10-26,5975.0,519248,228810.KS
2017-10-27,5980.0,5342,228810.KS
2017-10-30,6030.0,21596,228810.KS
2017-10-31,6045.0,170887,228810.KS
2017-11-01,6005.0,5368,228810.KS
2017-11-02,5910.0,4372,228810.KS
2017-11-03,5950.0,1000,228810.KS
2017-11-06,5950.0,0,228810.KS
2017-11-07,6120.0,592,228810.KS
2017-11-08,6160.0,12528,228810.KS
2017-11-09,6075.0,7183,228810.KS
2017-11-10,6220.0,19578,228810.KS
2017-11-13,6580.0,16577,228810.KS
2017-11-14,6575.0,17010,228810.KS
2017-11-15,6715.0,12136,228810.KS
2017-11-16,6715.0,12377,228810.KS
2017-11-17,6615.0,16852,228810.KS
2017-11-20,6610.0,3720,228810.KS
2017-11-21,6560.0,4242,228810.KS
2017-11-22,6635.0,5543,228810.KS
2017-11-23,6850.0,31600,228810.KS
2017-11-24,6805.0,14076,228810.KS
2017-11-27,6785.0,13531,228810.KS
2017-11-28,6595.0,9597,228810.KS
2017-11-29,6635.0,6054,228810.KS
2017-11-30,6430.0,32126,228810.KS
2017-12-01,6585.0,22265,228810.KS
2017-12-04,6530.0,14239,228810.KS
2017-12-05,6650.0,8441,228810.KS
2017-12-06,6655.0,16631,228810.KS
2017-12-07,6535.0,1404,228810.KS
2017-12-08,6490.0,3506,228810.KS
2017-12-11,6760.0,5820,228810.KS
2017-12-12,6645.0,3831,228810.KS
2017-12-13,6730.0,529,228810.KS
2017-12-14,6655.0,2054,228810.KS
2017-12-15,6715.0,389,228810.KS
2017-12-18,6870.0,6494,228810.KS
2017-12-19,6770.0,2667,228810.KS
2017-12-21,6525.0,21722,228810.KS
2017-12-22,6645.0,1922,228810.KS
2017-12-26,6665.0,3143,228810.KS
2017-12-27,6695.0,9459,228810.KS
2017-12-28,6710.0,5232,228810.KS
2018-01-02,6755.0,3305,228810.KS
2018-01-03,6600.0,13123,228810.KS
2018-01-04,6475.0,10755,228810.KS
2018-01-05,6570.0,492,228810.KS
2018-01-08,6470.0,37335,228810.KS
2018-01-09,6460.0,723,228810.KS
2018-01-10,6590.0,4950,228810.KS
2018-01-11,6600.0,2131,228810.KS
2018-01-12,6505.0,7078,228810.KS
2018-01-15,6655.0,5138,228810.KS
2018-01-16,6750.0,9003,228810.KS
2018-01-17,7100.0,40774,228810.KS
2018-01-18,7110.0,70432,228810.KS
2018-01-19,7245.0,25827,228810.KS
2018-01-22,7365.0,54133,228810.KS
2018-01-23,7340.0,33552,228810.KS
2018-01-24,7320.0,145155,228810.KS
2018-01-25,7240.0,84216,228810.KS
2018-01-26,7440.0,35629,228810.KS
2018-01-29,7360.0,110264,228810.KS
2018-01-30,7215.0,34615,228810.KS
2018-01-31,7190.0,31682,228810.KS
2018-02-01,7315.0,64728,228810.KS
2018-02-02,7170.0,69932,228810.KS
2018-02-06,6880.0,74390,228810.KS
2018-02-07,6730.0,9701,228810.KS
2018-02-08,6910.0,62101,228810.KS
2018-02-09,6885.0,22201,228810.KS
2018-02-12,6845.0,51137,228810.KS
2018-02-13,6665.0,109954,228810.KS
2018-02-14,6790.0,72335,228810.KS
2018-02-19,7020.0,78782,228810.KS
2018-02-20,6910.0,77118,228810.KS
2018-02-21,6985.0,4014,228810.KS
2018-02-22,6940.0,6185,228810.KS
2018-02-23,7020.0,30651,228810.KS
2018-02-26,7040.0,6065,228810.KS
2018-02-27,7125.0,8421,228810.KS
2018-02-28,7040.0,53634,228810.KS
2018-03-06,7145.0,26016,228810.KS
2018-03-07,6985.0,5680,228810.KS
2018-03-08,7035.0,5336,228810.KS
2018-03-09,7205.0,4971,228810.KS
2018-03-12,7335.0,17864,228810.KS
2018-03-13,7420.0,23031,228810.KS
2018-03-14,7400.0,19068,228810.KS
2018-03-15,7535.0,12634,228810.KS
2018-03-16,7560.0,12420,228810.KS
2018-03-19,7600.0,32389,228810.KS
2018-03-20,7675.0,3536,228810.KS
2018-03-21,7575.0,14279,228810.KS
2018-03-22,7500.0,10044,228810.KS
2018-03-23,7305.0,17329,228810.KS
2018-03-26,7625.0,13091,228810.KS
2018-03-27,7715.0,39626,228810.KS
2018-03-28,7680.0,40988,228810.KS
2018-03-29,7835.0,10331,228810.KS
2018-03-30,7750.0,19313,228810.KS
2018-04-02,7885.0,22565,228810.KS
2018-04-03,7970.0,42187,228810.KS
2018-04-04,7695.0,16647,228810.KS
2018-04-05,7515.0,42701,228810.KS
2018-04-06,7500.0,23010,228810.KS
2018-04-09,7710.0,22991,228810.KS
2018-04-10,7800.0,9608,228810.KS
2018-04-11,7700.0,25807,228810.KS
2018-04-12,7480.0,56171,228810.KS
2018-04-13,7585.0,21945,228810.KS
2018-04-16,7670.0,34974,228810.KS
2018-04-17,7755.0,21623,228810.KS
2018-04-18,7665.0,16318,228810.KS
2018-04-19,7480.0,91396,228810.KS
2018-04-20,7485.0,5124,228810.KS
2018-04-23,7340.0,47143,228810.KS
2018-04-24,7340.0,23401,228810.KS
2018-04-25,7330.0,10923,228810.KS
2018-04-26,7420.0,208144,228810.KS
2018-04-27,7245.0,267716,228810.KS
2018-04-30,7090.0,94060,228810.KS
2018-05-02,7000.0,89301,228810.KS
2018-05-03,6985.0,105036,228810.KS
2018-05-04,6940.0,25325,228810.KS
2018-05-08,6755.0,12025,228810.KS
2018-05-09,6920.0,15734,228810.KS
2018-05-10,6845.0,6086,228810.KS
2018-05-11,7050.0,11702,228810.KS
2018-05-14,7040.0,15822,228810.KS
2018-05-15,7150.0,5650,228810.KS
2018-05-16,7165.0,6892,228810.KS
2018-05-17,7160.0,9651,228810.KS
2018-05-18,7190.0,2235,228810.KS
2018-05-21,7225.0,8449,228810.KS
2018-05-23,7200.0,9742,228810.KS
2018-05-24,7255.0,73539,228810.KS
2018-05-25,7185.0,3370,228810.KS
2018-05-28,7160.0,26566,228810.KS
2018-05-29,7350.0,58708,228810.KS
2018-05-30,7425.0,25183,228810.KS
2018-05-31,7515.0,40640,228810.KS
2018-06-01,7520.0,85052,228810.KS
2018-06-04,7430.0,226778,228810.KS
2018-06-05,7370.0,167635,228810.KS
2018-06-07,7335.0,162174,228810.KS
2018-06-08,7290.0,204207,228810.KS
2018-06-11,7285.0,16803,228810.KS
2018-06-12,7345.0,23913,228810.KS
2018-06-14,7205.0,2322,228810.KS
2018-06-15,7270.0,36061,228810.KS
2018-06-18,7115.0,17324,228810.KS
2018-06-19,7035.0,6042,228810.KS
2018-06-20,7335.0,121356,228810.KS
2018-06-21,7465.0,69686,228810.KS
2018-06-22,7535.0,11637,228810.KS
2018-06-25,7555.0,26704,228810.KS
2018-06-26,7560.0,4018,228810.KS
2018-06-27,7555.0,43779,228810.KS
2018-06-28,7510.0,7331,228810.KS
2018-06-29,7585.0,5609,228810.KS
2018-07-02,7270.0,9038,228810.KS
2018-07-03,7515.0,13062,228810.KS
2018-07-04,7520.0,6198,228810.KS
2018-07-05,7400.0,975,228810.KS
2018-07-06,7435.0,3449,228810.KS
2018-07-09,7525.0,6511,228810.KS
2018-07-10,7500.0,3179,228810.KS
2018-07-11,7440.0,621,228810.KS
2018-07-12,7690.0,15492,228810.KS
2018-07-13,7795.0,15324,228810.KS
2018-07-16,7740.0,5377,228810.KS
2018-07-17,7525.0,5660,228810.KS
2018-07-18,7435.0,23009,228810.KS
2018-07-19,7185.0,41133,228810.KS
2018-07-20,7160.0,41393,228810.KS
2018-07-23,6905.0,12391,228810.KS
2018-07-24,6995.0,20044,228810.KS
2018-07-25,6925.0,8771,228810.KS
2018-07-26,7130.0,9663,228810.KS
2018-07-27,7215.0,7798,228810.KS
2018-07-30,7010.0,5726,228810.KS
2018-07-31,6915.0,32186,228810.KS
2018-08-01,7085.0,22196,228810.KS
2018-08-02,7005.0,9721,228810.KS
2018-08-03,7100.0,10476,228810.KS
2018-08-06,6995.0,8229,228810.KS
2018-08-07,7000.0,7735,228810.KS
2018-08-08,7045.0,4257,228810.KS
2018-08-09,7150.0,3234,228810.KS
2018-08-10,7210.0,11001,228810.KS
2018-08-13,6925.0,12536,228810.KS
2018-08-14,7095.0,4794,228810.KS
2018-08-16,7200.0,8228,228810.KS
2018-08-17,7205.0,4941,228810.KS
2018-08-20,7200.0,1862,228810.KS
2018-08-21,7380.0,16043,228810.KS
2018-08-22,7415.0,2594,228810.KS
2018-08-23,7465.0,3526,228810.KS
2018-08-24,7645.0,108125,228810.KS
2018-08-27,7930.0,56399,228810.KS
2018-08-28,7710.0,20921,228810.KS
2018-08-29,7780.0,29333,228810.KS
2018-08-30,7795.0,32586,228810.KS
2018-08-31,7800.0,10238,228810.KS
2018-09-03,7770.0,24304,228810.KS
2018-09-04,7835.0,33566,228810.KS
2018-09-05,7665.0,12988,228810.KS
2018-09-06,7685.0,3198,228810.KS
2018-09-07,7740.0,8005,228810.KS
2018-09-10,7545.0,12419,228810.KS
2018-09-11,7630.0,24462,228810.KS
2018-09-12,7780.0,28255,228810.KS
2018-09-13,7885.0,51644,228810.KS
2018-09-14,7845.0,11001,228810.KS
2018-09-17,7775.0,32742,228810.KS
2018-09-18,7710.0,27581,228810.KS
2018-09-19,7775.0,33141,228810.KS
2018-09-20,7750.0,28191,228810.KS
2018-09-21,7785.0,2766,228810.KS
2018-09-27,7820.0,44038,228810.KS
2018-09-28,7865.0,11885,228810.KS
2018-10-01,8060.0,43843,228810.KS
2018-10-02,7810.0,55865,228810.KS
2018-10-04,7720.0,18998,228810.KS
2018-10-05,7560.0,36072,228810.KS
2018-10-08,7370.0,60501,228810.KS
2018-10-10,7290.0,19140,228810.KS
2018-10-11,6950.0,31563,228810.KS
2018-10-12,7160.0,22870,228810.KS
2018-10-15,7050.0,8907,228810.KS
2018-10-16,7240.0,57385,228810.KS
2018-10-17,7350.0,63517,228810.KS
2018-10-18,7250.0,13304,228810.KS
2018-10-19,7360.0,15394,228810.KS
2018-10-22,7475.0,4721,228810.KS
2018-10-23,7345.0,6860,228810.KS
2018-10-24,6790.0,118243,228810.KS
2018-10-25,6600.0,72472,228810.KS
2018-10-26,6315.0,17945,228810.KS
2018-10-29,6060.0,21013,228810.KS
2018-10-30,6225.0,29611,228810.KS
2018-10-31,6250.0,46030,228810.KS
2018-11-01,6345.0,38323,228810.KS
2018-11-02,6635.0,52812,228810.KS
2018-11-05,6565.0,7007,228810.KS
2018-11-06,6515.0,29154,228810.KS
2018-11-07,6285.0,14048,228810.KS
2018-11-08,6400.0,13174,228810.KS
2018-11-09,6445.0,10038,228810.KS
2018-11-12,6490.0,40302,228810.KS
2018-11-13,6490.0,52927,228810.KS
2018-11-14,6600.0,58799,228810.KS
2018-11-15,6875.0,50730,228810.KS
2018-11-16,6905.0,138282,228810.KS
2018-11-19,6950.0,36720,228810.KS
2018-11-20,6895.0,21692,228810.KS
2018-11-21,6880.0,30162,228810.KS
2018-11-22,6800.0,36620,228810.KS
2018-11-23,6695.0,4300,228810.KS
2018-11-26,6960.0,21294,228810.KS
2018-11-27,7050.0,46249,228810.KS
2018-11-28,7065.0,16745,228810.KS
2018-11-29,6980.0,15109,228810.KS
2018-11-30,6950.0,3418,228810.KS
2018-12-03,7040.0,122848,228810.KS
2018-12-04,7130.0,33749,228810.KS
2018-12-05,6910.0,68855,228810.KS
2018-12-06,6690.0,16589,228810.KS
2018-12-07,6750.0,48550,228810.KS
2018-12-10,6640.0,15467,228810.KS
2018-12-11,6740.0,26762,228810.KS
2018-12-12,6845.0,9162,228810.KS
2018-12-13,6830.0,5951,228810.KS
2018-12-14,6705.0,37502,228810.KS
2018-12-17,6575.0,117700,228810.KS
2018-12-18,6490.0,4015,228810.KS
2018-12-19,6705.0,1853,228810.KS
2018-12-20,6595.0,24288,228810.KS
2018-12-21,6600.0,1962,228810.KS
2018-12-24,6595.0,100188,228810.KS
2018-12-26,6565.0,11675,228810.KS
2018-12-27,6565.0,27703,228810.KS
2018-12-28,6595.0,2862,228810.KS
2019-01-02,6505.0,14228,228810.KS
2019-01-03,6440.0,7486,228810.KS
2019-01-04,6600.0,5862,228810.KS
2019-01-07,6775.0,20062,228810.KS
2019-01-09,6790.0,2802,228810.KS
2019-01-10,6840.0,1789,228810.KS
2019-01-11,6845.0,64261,228810.KS
2019-01-14,6885.0,13230,228810.KS
2019-01-15,6980.0,3863,228810.KS
2019-01-16,6990.0,13949,228810.KS
2019-01-17,6770.0,98577,228810.KS
2019-01-18,6735.0,71411,228810.KS
2019-01-21,6580.0,48160,228810.KS
2019-01-22,6595.0,76302,228810.KS
2019-01-23,6570.0,8881,228810.KS
2019-01-24,6585.0,27064,228810.KS
2019-01-25,6675.0,27469,228810.KS
2019-01-28,6655.0,28436,228810.KS
2019-01-29,6605.0,63005,228810.KS
2019-01-30,6615.0,13328,228810.KS
2019-01-31,6720.0,111271,228810.KS
2019-02-01,6680.0,251978,228810.KS
2019-02-07,6810.0,11024,228810.KS
2019-02-08,6820.0,26915,228810.KS
2019-02-11,6905.0,14606,228810.KS
2019-02-12,6790.0,13271,228810.KS
2019-02-13,6820.0,54688,228810.KS
2019-02-14,6810.0,10799,228810.KS
2019-02-15,6880.0,15251,228810.KS
2019-02-18,6915.0,7887,228810.KS
2019-02-19,6975.0,10373,228810.KS
2019-02-20,7005.0,28507,228810.KS
2019-02-21,7080.0,62311,228810.KS
2019-02-22,7020.0,22628,228810.KS
2019-02-25,7090.0,21617,228810.KS
2019-02-26,7015.0,13185,228810.KS
2019-02-27,6970.0,11661,228810.KS
2019-02-28,6870.0,8166,228810.KS
2019-03-04,6965.0,3440,228810.KS
2019-03-05,6900.0,4798,228810.KS
2019-03-06,7000.0,12720,228810.KS
2019-03-07,6915.0,4979,228810.KS
2019-03-08,6990.0,22640,228810.KS
2019-03-11,6860.0,21316,228810.KS
2019-03-12,6910.0,57128,228810.KS
2019-03-13,6910.0,7487,228810.KS
2019-03-14,6820.0,7496,228810.KS
2019-03-15,6685.0,98701,228810.KS
2019-03-18,6815.0,9025,228810.KS
2019-03-19,6770.0,6729,228810.KS
2019-03-20,6730.0,7495,228810.KS
2019-03-21,6700.0,20840,228810.KS
2019-03-22,6660.0,1677,228810.KS
2019-03-25,6510.0,6386,228810.KS
2019-03-26,6645.0,18977,228810.KS
2019-03-27,6570.0,22221,228810.KS
2019-03-28,6560.0,55035,228810.KS
2019-03-29,6685.0,25767,228810.KS
2019-04-01,6700.0,30899,228810.KS
2019-04-02,6745.0,6548,228810.KS
2019-04-03,6830.0,25253,228810.KS
2019-04-04,6830.0,51309,228810.KS
2019-04-05,6815.0,4056,228810.KS
2019-04-08,6810.0,9399,228810.KS
2019-04-09,6765.0,32678,228810.KS
2019-04-10,6755.0,47316,228810.KS
2019-04-11,6820.0,4799,228810.KS
2019-04-12,6800.0,15277,228810.KS
2019-04-15,6980.0,21688,228810.KS
2019-04-16,7140.0,45963,228810.KS
2019-04-17,7075.0,17872,228810.KS
2019-04-18,6900.0,13110,228810.KS
2019-04-19,6900.0,4623,228810.KS
2019-04-22,7060.0,10703,228810.KS
2019-04-23,7025.0,6429,228810.KS
2019-04-24,6980.0,7353,228810.KS
2019-04-25,6830.0,6703,228810.KS
2019-04-26,6750.0,26507,228810.KS
2019-04-29,6770.0,115312,228810.KS
2019-04-30,6850.0,173761,228810.KS
2019-05-02,6925.0,257144,228810.KS
2019-05-03,6915.0,177226,228810.KS
2019-05-07,6810.0,8365,228810.KS
2019-05-08,6715.0,183834,228810.KS
2019-05-09,6550.0,88130,228810.KS
2019-05-10,6445.0,70554,228810.KS
2019-05-13,6305.0,483446,228810.KS
2019-05-14,6335.0,191302,228810.KS
2019-05-15,6465.0,75805,228810.KS
2019-05-16,6425.0,75641,228810.KS
2019-05-17,6345.0,201678,228810.KS
2019-05-20,6360.0,5704,228810.KS
2019-05-21,6300.0,148029,228810.KS
2019-05-22,6225.0,1338,228810.KS
2019-05-23,6060.0,3196,228810.KS
2019-05-24,5950.0,40418,228810.KS
2019-05-27,5935.0,52909,228810.KS
2019-05-28,5960.0,1059,228810.KS
2019-05-29,5870.0,10828,228810.KS
2019-05-30,5980.0,72725,228810.KS
2019-05-31,6045.0,28898,228810.KS
2019-06-03,6015.0,21009,228810.KS
2019-06-04,6085.0,1355,228810.KS
2019-06-05,6175.0,5312,228810.KS
2019-06-07,6300.0,41484,228810.KS
2019-06-10,6355.0,21234,228810.KS
2019-06-11,6375.0,1200,228810.KS
2019-06-12,6345.0,2277,228810.KS
2019-06-13,6365.0,5056,228810.KS
2019-06-14,6240.0,19386,228810.KS
2019-06-17,6205.0,665,228810.KS
2019-06-18,6165.0,614,228810.KS
2019-06-19,6205.0,824,228810.KS
2019-06-20,6235.0,11024,228810.KS
2019-06-21,6165.0,7188,228810.KS
2019-06-24,6050.0,19317,228810.KS
2019-06-25,6020.0,23437,228810.KS
2019-06-26,5990.0,14650,228810.KS
2019-06-27,5945.0,10019,228810.KS
2019-06-28,5950.0,577,228810.KS
2019-07-01,5845.0,25088,228810.KS
2019-07-02,5850.0,3528,228810.KS
2019-07-03,5755.0,46816,228810.KS
2019-07-04,5770.0,14276,228810.KS
2019-07-05,5820.0,16197,228810.KS
2019-07-08,5655.0,18070,228810.KS
2019-07-09,5620.0,10775,228810.KS
2019-07-10,5720.0,20066,228810.KS
2019-07-11,5800.0,9472,228810.KS
2019-07-12,5760.0,3254,228810.KS
2019-07-15,5710.0,2803,228810.KS
2019-07-16,5645.0,14063,228810.KS
2019-07-17,5575.0,1599,228810.KS
2019-07-18,5535.0,38848,228810.KS
2019-07-19,5595.0,5804,228810.KS
2019-07-22,5570.0,6402,228810.KS
2019-07-23,5525.0,73892,228810.KS
2019-07-24,5510.0,1167,228810.KS
2019-07-25,5425.0,7879,228810.KS
2019-07-26,5370.0,3871,228810.KS
2019-07-29,5180.0,6592,228810.KS
2019-07-30,5235.0,4377,228810.KS
2019-07-31,5280.0,2870,228810.KS
2019-08-01,5210.0,9452,228810.KS
2019-08-02,5130.0,954,228810.KS
2019-08-05,4680.0,9962,228810.KS
2019-08-06,4575.0,71079,228810.KS
2019-08-07,4720.0,2926,228810.KS
2019-08-08,4975.0,4420,228810.KS
2019-08-09,4930.0,9204,228810.KS
2019-08-12,4890.0,1893,228810.KS
2019-08-13,4795.0,1997,228810.KS
2019-08-14,4800.0,11127,228810.KS
2019-08-16,4685.0,2994,228810.KS
2019-08-19,4740.0,8959,228810.KS
2019-08-20,4805.0,923,228810.KS
2019-08-21,4925.0,7173,228810.KS
2019-08-22,4865.0,13651,228810.KS
2019-08-23,4775.0,17939,228810.KS
2019-08-26,4520.0,16692,228810.KS
2019-08-27,4600.0,31281,228810.KS
2019-08-28,4725.0,30539,228810.KS
2019-08-29,4685.0,19064,228810.KS
2019-08-30,4790.0,27646,228810.KS
2019-09-02,4845.0,11675,228810.KS
2019-09-03,4890.0,60581,228810.KS
2019-09-04,4915.0,12773,228810.KS
2019-09-05,4930.0,9505,228810.KS
2019-09-06,4885.0,3727,228810.KS
2019-09-09,5015.0,31304,228810.KS
2019-09-10,5090.0,19880,228810.KS
2019-09-11,5170.0,63515,228810.KS
2019-09-16,5165.0,23063,228810.KS
2019-09-17,5190.0,18646,228810.KS
2019-09-18,5330.0,61781,228810.KS
2019-09-19,5285.0,19500,228810.KS
2019-09-20,5315.0,39820,228810.KS
2019-09-23,5340.0,10824,228810.KS
2019-09-24,5295.0,27669,228810.KS
2019-09-25,5185.0,34643,228810.KS
2019-09-26,5195.0,17327,228810.KS
2019-09-27,5240.0,36612,228810.KS
2019-09-30,5180.0,10511,228810.KS
2019-10-01,5255.0,5111,228810.KS
2019-10-02,5165.0,11525,228810.KS
2019-10-04,5080.0,13354,228810.KS
2019-10-07,5105.0,19547,228810.KS
2019-10-08,5115.0,857,228810.KS
2019-10-10,5045.0,9487,228810.KS
2019-10-11,5100.0,21583,228810.KS
2019-10-14,5250.0,36725,228810.KS
2019-10-15,5315.0,40399,228810.KS
2019-10-16,5265.0,27248,228810.KS
2019-10-17,5255.0,13064,228810.KS
2019-10-18,5240.0,2986,228810.KS
2019-10-21,5230.0,1615,228810.KS
2019-10-22,5275.0,4613,228810.KS
2019-10-23,5205.0,18707,228810.KS
2019-10-24,5275.0,12624,228810.KS
2019-10-25,5235.0,2307,228810.KS
2019-10-28,5230.0,7436,228810.KS
2019-10-29,5335.0,13766,228810.KS
2019-10-30,5420.0,82943,228810.KS
2019-10-31,5420.0,26040,228810.KS
2019-11-01,5490.0,7131,228810.KS
2019-11-04,5555.0,12765,228810.KS
2019-11-05,5550.0,35143,228810.KS
2019-11-06,5575.0,12795,228810.KS
2019-11-07,5525.0,6820,228810.KS
2019-11-08,5455.0,27825,228810.KS
2019-11-11,5485.0,60558,228810.KS
2019-11-12,5465.0,2647,228810.KS
2019-11-13,5390.0,1297,228810.KS
2019-11-14,5525.0,40797,228810.KS
2019-11-15,5570.0,8279,228810.KS
2019-11-18,5595.0,14221,228810.KS
2019-11-19,5585.0,2467,228810.KS
2019-11-20,5500.0,3068,228810.KS
2019-11-21,5455.0,31448,228810.KS
2019-11-22,5380.0,6210,228810.KS
2019-11-25,5490.0,37917,228810.KS
2019-11-26,5475.0,5531,228810.KS
2019-11-27,5445.0,675,228810.KS
2019-11-28,5350.0,2317,228810.KS
2019-11-29,5405.0,17778,228810.KS
2019-12-02,5400.0,5182,228810.KS
2019-12-03,5385.0,4739,228810.KS
2019-12-04,5325.0,6428,228810.KS
2019-12-05,5320.0,2805,228810.KS
2019-12-06,5350.0,16703,228810.KS
2019-12-09,5290.0,1469,228810.KS
2019-12-10,5315.0,30333,228810.KS
2019-12-11,5300.0,449,228810.KS
2019-12-12,5350.0,5318,228810.KS
2019-12-13,5410.0,2764,228810.KS
2019-12-16,5390.0,8245,228810.KS
2019-12-17,5390.0,6219,228810.KS
2019-12-18,5355.0,6525,228810.KS
2019-12-19,5355.0,1109,228810.KS
2019-12-20,5355.0,6019,228810.KS
2019-12-23,5335.0,4476,228810.KS
2019-12-24,5275.0,7808,228810.KS
2019-12-26,5330.0,5163,228810.KS
2019-12-27,5440.0,7862,228810.KS
2019-12-30,5515.0,3427,228810.KS
2020-01-02,5555.0,50148,228810.KS
2020-01-03,5545.0,13541,228810.KS
2020-01-06,5385.0,12490,228810.KS
2020-01-07,5560.0,10676,228810.KS
2020-01-08,5430.0,17140,228810.KS
2020-01-09,5610.0,28492,228810.KS
2020-01-10,5635.0,11854,228810.KS
2020-01-13,5900.0,89497,228810.KS
2020-01-14,5910.0,234363,228810.KS
2020-01-15,5945.0,50459,228810.KS
2020-01-16,5960.0,11720,228810.KS
2020-01-17,5930.0,14908,228810.KS
2020-01-20,5860.0,41176,228810.KS
2020-01-21,5775.0,33340,228810.KS
2020-01-22,5855.0,33415,228810.KS
2020-01-23,5820.0,17379,228810.KS
2020-01-28,5435.0,42283,228810.KS
2020-01-29,5570.0,18967,228810.KS
2020-01-30,5490.0,20857,228810.KS
2020-01-31,5360.0,19479,228810.KS
2020-02-03,5465.0,211618,228810.KS
2020-02-04,5560.0,8474,228810.KS
2020-02-05,5535.0,19496,228810.KS
2020-02-06,5590.0,17366,228810.KS
2020-02-07,5580.0,15909,228810.KS
2020-02-10,5620.0,13754,228810.KS
2020-02-11,5625.0,34098,228810.KS
2020-02-12,5670.0,22981,228810.KS
2020-02-13,5805.0,93871,228810.KS
2020-02-14,5750.0,78861,228810.KS
2020-02-17,5860.0,42444,228810.KS
2020-02-18,5785.0,32245,228810.KS
2020-02-19,5730.0,21738,228810.KS
2020-02-20,5585.0,26571,228810.KS
2020-02-21,5415.0,26602,228810.KS
2020-02-24,5225.0,11960,228810.KS
2020-02-25,5330.0,18626,228810.KS
2020-02-26,5285.0,19128,228810.KS
2020-02-27,5155.0,9812,228810.KS
2020-02-28,4890.0,29473,228810.KS
2020-03-02,4985.0,28690,228810.KS
2020-03-03,4960.0,16966,228810.KS
2020-03-04,5040.0,14008,228810.KS
2020-03-05,5070.0,4304,228810.KS
2020-03-06,4855.0,160685,228810.KS
2020-03-09,4620.0,17486,228810.KS
2020-03-10,4660.0,3387,228810.KS
2020-03-11,4470.0,8887,228810.KS
2020-03-12,4075.0,65743,228810.KS
2020-03-13,3875.0,19424,228810.KS
2020-03-16,3800.0,12402,228810.KS
2020-03-17,3805.0,8558,228810.KS
2020-03-18,3620.0,5540,228810.KS
2020-03-19,3205.0,5648,228810.KS
2020-03-20,3410.0,5482,228810.KS
2020-03-23,3140.0,15889,228810.KS
2020-03-24,3380.0,11017,228810.KS
2020-03-25,3660.0,11733,228810.KS
2020-03-26,3720.0,82980,228810.KS
2020-03-27,3750.0,7479,228810.KS
2020-03-30,3780.0,14239,228810.KS
2020-03-31,3865.0,11010,228810.KS
2020-04-01,3860.0,21957,228810.KS
2020-04-02,3960.0,25033,228810.KS
2020-04-03,4005.0,11317,228810.KS
2020-04-06,4130.0,20218,228810.KS
2020-04-07,4200.0,21831,228810.KS
2020-04-08,4265.0,3303,228810.KS
2020-04-09,4295.0,3840,228810.KS
2020-04-10,4580.0,19961,228810.KS
2020-04-13,4540.0,103176,228810.KS
2020-04-14,4625.0,29811,228810.KS
2020-04-16,4770.0,18979,228810.KS
2020-04-17,4825.0,30263,228810.KS
2020-04-20,4750.0,17768,228810.KS
2020-04-21,4665.0,88283,228810.KS
2020-04-22,4700.0,4742,228810.KS
2020-04-23,4715.0,6350,228810.KS
2020-04-24,4630.0,9092,228810.KS
2020-04-27,4725.0,8331,228810.KS
2020-04-28,4905.0,27570,228810.KS
2020-04-29,4885.0,33012,228810.KS
2020-05-04,4815.0,3453,228810.KS
2020-05-06,4915.0,21040,228810.KS
2020-05-07,4940.0,4464,228810.KS
2020-05-08,4895.0,84720,228810.KS
2020-05-11,4780.0,91476,228810.KS
2020-05-12,4690.0,21715,228810.KS
2020-05-13,4765.0,19801,228810.KS
2020-05-14,4705.0,10918,228810.KS
2020-05-15,4640.0,22628,228810.KS
2020-05-18,4690.0,10903,228810.KS
2020-05-19,4945.0,63684,228810.KS
2020-05-20,4945.0,14495,228810.KS
2020-05-21,4940.0,5414,228810.KS
2020-05-22,4795.0,108372,228810.KS
2020-05-25,4810.0,66203,228810.KS
2020-05-26,4895.0,74675,228810.KS
2020-05-27,4980.0,251637,228810.KS
2020-05-28,4830.0,304224,228810.KS
2020-05-29,4795.0,17053,228810.KS
2020-06-01,4875.0,41995,228810.KS
2020-06-02,4920.0,26473,228810.KS
2020-06-03,4945.0,42430,228810.KS
2020-06-04,4900.0,50630,228810.KS
2020-06-05,4935.0,42552,228810.KS
2020-06-08,5015.0,93158,228810.KS
2020-06-09,5060.0,69418,228810.KS
2020-06-10,5040.0,30736,228810.KS
2020-06-11,4945.0,84337,228810.KS
2020-06-12,4750.0,114698,228810.KS
2020-06-15,4390.0,84464,228810.KS
2020-06-16,4630.0,62549,228810.KS
2020-06-17,4635.0,51262,228810.KS
2020-06-18,4590.0,22685,228810.KS
2020-06-22,4600.0,10546,228810.KS
2020-06-23,4615.0,48329,228810.KS
2020-06-24,4615.0,24522,228810.KS
2020-06-25,4525.0,14144,228810.KS
2020-06-26,4545.0,20732,228810.KS
2020-06-29,4485.0,32645,228810.KS
2020-06-30,4750.0,430793,228810.KS
2020-07-01,4665.0,71735,228810.KS
2020-07-02,4975.0,121416,228810.KS
2020-07-06,5145.0,318800,228810.KS
2020-07-07,5120.0,262754,228810.KS
2020-07-08,5295.0,395110,228810.KS
2020-07-09,5280.0,423524,228810.KS
2020-07-10,5250.0,271050,228810.KS
2020-07-13,5305.0,603371,228810.KS
2020-07-14,5375.0,593820,228810.KS
2020-07-15,5330.0,171195,228810.KS
2020-07-16,5285.0,136572,228810.KS
2020-07-17,5390.0,102409,228810.KS
2020-07-20,5335.0,123238,228810.KS
2020-07-21,5340.0,62541,228810.KS
2020-07-22,5225.0,420354,228810.KS
2020-07-23,5190.0,181298,228810.KS
2020-07-24,5110.0,61816,228810.KS
2020-07-27,5170.0,46302,228810.KS
2020-07-28,5195.0,79630,228810.KS
2020-07-29,5245.0,25824,228810.KS
2020-07-30,5165.0,83147,228810.KS
2020-07-31,5200.0,20406,228810.KS
2020-08-03,5225.0,352660,228810.KS
2020-08-04,5305.0,169685,228810.KS
2020-08-05,5375.0,247038,228810.KS
2020-08-06,5400.0,162028,228810.KS
2020-08-07,5380.0,151081,228810.KS
2020-08-10,5505.0,276068,228810.KS
2020-08-11,5525.0,316164,228810.KS
2020-08-12,5560.0,289224,228810.KS
2020-08-13,5840.0,772678,228810.KS
2020-08-14,5805.0,552437,228810.KS
2020-08-18,5375.0,385910,228810.KS
2020-08-19,5615.0,321100,228810.KS
2020-08-20,5350.0,395695,228810.KS
2020-08-21,5360.0,266903,228810.KS
2020-08-24,5360.0,145276,228810.KS
2020-08-25,5510.0,254272,228810.KS
2020-08-26,5515.0,145859,228810.KS
2020-08-27,5415.0,176388,228810.KS
2020-08-28,5390.0,158312,228810.KS
2020-08-31,5430.0,161815,228810.KS
2020-09-01,5580.0,329532,228810.KS
2020-09-02,5695.0,359418,228810.KS
2020-09-03,5870.0,453432,228810.KS
2020-09-04,5870.0,629218,228810.KS
2020-09-07,5905.0,407392,228810.KS
2020-09-08,6090.0,1086341,228810.KS
2020-09-09,6115.0,991848,228810.KS
2020-09-10,6095.0,671338,228810.KS
2020-09-11,6200.0,619400,228810.KS
2020-09-14,6230.0,657452,228810.KS
2020-09-15,6250.0,569221,228810.KS
2020-09-16,6305.0,791999,228810.KS
2020-09-17,6170.0,1081983,228810.KS
2020-09-18,6240.0,506799,228810.KS
2020-09-21,6080.0,465378,228810.KS
2020-09-22,5905.0,450642,228810.KS
2020-09-23,5990.0,367862,228810.KS
2020-09-24,5735.0,373665,228810.KS
2020-09-25,5795.0,176332,228810.KS
2020-09-28,6070.0,329862,228810.KS
2020-09-29,6120.0,343760,228810.KS
2020-10-05,5955.0,281147,228810.KS
2020-10-06,5895.0,250094,228810.KS
2020-10-07,5910.0,125873,228810.KS
2020-10-08,5875.0,107372,228810.KS
2020-10-12,5920.0,121085,228810.KS
2020-10-13,5975.0,126297,228810.KS
2020-10-14,5880.0,131133,228810.KS
2020-10-15,5580.0,326847,228810.KS
2020-10-16,5535.0,141956,228810.KS
2020-10-19,5465.0,136195,228810.KS
2020-10-20,5465.0,166309,228810.KS
2020-10-21,5475.0,47786,228810.KS
2020-10-22,5335.0,99572,228810.KS
2020-10-23,5335.0,63220,228810.KS
2020-10-26,5135.0,106651,228810.KS
2020-10-27,5190.0,129538,228810.KS
2020-10-28,5315.0,60622,228810.KS
2020-10-29,5255.0,47014,228810.KS
2020-10-30,5095.0,34189,228810.KS
2020-11-02,5175.0,72087,228810.KS
2020-11-03,5255.0,53003,228810.KS
2020-11-04,5305.0,58992,228810.KS
2020-11-05,5455.0,119094,228810.KS
2020-11-06,5365.0,116345,228810.KS
2020-11-09,5435.0,70143,228810.KS
2020-11-10,5545.0,216848,228810.KS
2020-11-11,5560.0,113369,228810.KS
2020-11-12,5575.0,134787,228810.KS
2020-11-13,5520.0,72366,228810.KS
2020-11-16,5610.0,78779,228810.KS
2020-11-17,5525.0,168238,228810.KS
2020-11-18,5580.0,86176,228810.KS
2020-11-19,5540.0,287296,228810.KS
2020-11-20,5635.0,105756,228810.KS
2020-11-23,5610.0,88104,228810.KS
2020-11-24,5690.0,112745,228810.KS
2020-11-25,5645.0,246743,228810.KS
2020-11-26,5595.0,94083,228810.KS
2020-11-27,5580.0,143768,228810.KS
2020-11-30,5520.0,88171,228810.KS
2020-12-01,5570.0,65980,228810.KS
2020-12-02,5615.0,98420,228810.KS
2020-12-03,5855.0,421706,228810.KS
2020-12-04,5720.0,199433,228810.KS
2020-12-07,5570.0,187548,228810.KS
2020-12-08,5605.0,122794,228810.KS
2020-12-09,5670.0,59891,228810.KS
2020-12-10,5670.0,75066,228810.KS
2020-12-11,5760.0,106034,228810.KS
2020-12-14,5710.0,90375,228810.KS
2020-12-15,5720.0,64187,228810.KS
2020-12-16,5720.0,44828,228810.KS
2020-12-17,5650.0,77998,228810.KS
2020-12-18,5645.0,40017,228810.KS
2020-12-21,5610.0,165949,228810.KS
2020-12-22,5520.0,68364,228810.KS
2020-12-23,5555.0,107618,228810.KS
2020-12-24,5620.0,64490,228810.KS
2020-12-28,5660.0,81521,228810.KS
2020-12-29,5790.0,127651,228810.KS
2020-12-30,5970.0,762105,228810.KS
2021-01-04,5985.0,217598,228810.KS
2021-01-05,6110.0,346307,228810.KS
2021-01-06,6035.0,239883,228810.KS
2021-01-07,6055.0,125433,228810.KS
2021-01-08,6150.0,391991,228810.KS
2021-01-11,6075.0,412468,228810.KS
2021-01-12,6290.0,815340,228810.KS
2021-01-13,6415.0,1271512,228810.KS
2021-01-14,6470.0,911470,228810.KS
2021-01-15,6330.0,391548,228810.KS
2021-01-18,6210.0,113517,228810.KS
2021-01-19,6400.0,144921,228810.KS
2021-01-20,6740.0,1297717,228810.KS
2021-01-21,6750.0,461305,228810.KS
2021-01-22,7000.0,548591,228810.KS
2021-01-25,7105.0,575441,228810.KS
2021-01-26,7035.0,470700,228810.KS
2021-01-27,6955.0,500044,228810.KS
2021-01-28,6785.0,453272,228810.KS
2021-01-29,6455.0,715611,228810.KS
2021-02-01,6580.0,229576,228810.KS
2021-02-02,6740.0,320695,228810.KS
2021-02-03,6845.0,207014,228810.KS
2021-02-04,6800.0,192562,228810.KS
2021-02-05,6795.0,189845,228810.KS
2021-02-08,6795.0,203249,228810.KS
2021-02-09,6665.0,187226,228810.KS
2021-02-10,6740.0,128998,228810.KS
2021-02-15,6800.0,179175,228810.KS
2021-02-16,6970.0,321013,228810.KS
2021-02-17,7015.0,295944,228810.KS
2021-02-18,6895.0,240384,228810.KS
2021-02-19,6790.0,245034,228810.KS
2021-02-22,6660.0,146940,228810.KS
2021-02-23,6695.0,108730,228810.KS
2021-02-24,6525.0,189375,228810.KS
2021-02-25,6730.0,104836,228810.KS
2021-02-26,6585.0,91094,228810.KS
2021-03-02,6635.0,104705,228810.KS
2021-03-03,6780.0,106717,228810.KS
2021-03-04,6905.0,248272,228810.KS
2021-03-05,6935.0,128759,228810.KS
2021-03-08,6795.0,181350,228810.KS
2021-03-09,6730.0,135599,228810.KS
2021-03-10,6600.0,59421,228810.KS
2021-03-11,6740.0,55418,228810.KS
2021-03-12,6840.0,464342,228810.KS
2021-03-15,6805.0,58230,228810.KS
2021-03-16,6890.0,164379,228810.KS
2021-03-17,6935.0,581694,228810.KS
2021-03-18,6940.0,110902,228810.KS
2021-03-19,6910.0,85146,228810.KS
2021-03-22,6920.0,232812,228810.KS
2021-03-23,6915.0,159746,228810.KS
2021-03-24,6950.0,101391,228810.KS
2021-03-25,7025.0,109205,228810.KS
2021-03-26,7040.0,297746,228810.KS
2021-03-29,7015.0,261235,228810.KS
2021-03-30,7110.0,147542,228810.KS
2021-03-31,7080.0,209275,228810.KS
2021-04-01,7010.0,76664,228810.KS
2021-04-02,7025.0,246492,228810.KS
2021-04-05,7135.0,287589,228810.KS
2021-04-06,7145.0,84831,228810.KS
2021-04-07,7240.0,588186,228810.KS
2021-04-08,7235.0,302567,228810.KS
2021-04-09,7205.0,102923,228810.KS
2021-04-12,7205.0,105743,228810.KS
2021-04-13,7180.0,106921,228810.KS
2021-04-14,7080.0,218734,228810.KS
2021-04-15,7135.0,141342,228810.KS
2021-04-16,7175.0,121123,228810.KS
2021-04-19,7055.0,169346,228810.KS
2021-04-20,7120.0,102296,228810.KS
2021-04-21,7025.0,94799,228810.KS
2021-04-22,7040.0,51990,228810.KS
2021-04-23,7005.0,40384,228810.KS
2021-04-26,7030.0,62227,228810.KS
2021-04-27,6990.0,130853,228810.KS
2021-04-28,6860.0,136680,228810.KS
2021-04-29,6825.0,82679,228810.KS
2021-04-30,6860.0,74980,228810.KS
2021-05-03,6735.0,44423,228810.KS
2021-05-04,6795.0,53111,228810.KS
2021-05-06,6835.0,64209,228810.KS
2021-05-07,6935.0,79049,228810.KS
2021-05-10,7050.0,167751,228810.KS
2021-05-11,6990.0,90763,228810.KS
2021-05-12,6920.0,105307,228810.KS
2021-05-13,6820.0,58778,228810.KS
2021-05-14,6995.0,67100,228810.KS
2021-05-17,7190.0,273258,228810.KS
2021-05-18,7345.0,673098,228810.KS
2021-05-20,7440.0,492375,228810.KS
2021-05-21,7405.0,247818,228810.KS
2021-05-24,7430.0,139864,228810.KS
2021-05-25,7580.0,341141,228810.KS
2021-05-26,7700.0,322529,228810.KS
2021-05-27,7735.0,224724,228810.KS
2021-05-28,7720.0,138731,228810.KS
2021-05-31,7970.0,325919,228810.KS
2021-06-01,7940.0,153173,228810.KS
2021-06-02,7970.0,122675,228810.KS
2021-06-03,8000.0,146083,228810.KS
2021-06-04,7810.0,494666,228810.KS
2021-06-07,7860.0,129082,228810.KS
2021-06-08,7800.0,121573,228810.KS
2021-06-09,7800.0,106359,228810.KS
2021-06-10,7915.0,148637,228810.KS
2021-06-11,8030.0,168683,228810.KS
2021-06-14,8040.0,258931,228810.KS
2021-06-15,8185.0,376814,228810.KS
2021-06-16,8245.0,217322,228810.KS
2021-06-17,8375.0,386025,228810.KS
2021-06-18,8430.0,535429,228810.KS
2021-06-21,8275.0,314199,228810.KS
2021-06-22,8360.0,239191,228810.KS
2021-06-23,8510.0,649905,228810.KS
2021-06-24,8455.0,496325,228810.KS
2021-06-25,8265.0,483624,228810.KS
2021-06-28,8245.0,199667,228810.KS
2021-06-29,8280.0,363371,228810.KS
2021-06-30,8345.0,243122,228810.KS
2021-07-01,8375.0,235677,228810.KS
2021-07-02,8390.0,132471,228810.KS
2021-07-05,8545.0,712998,228810.KS
2021-07-06,8480.0,216799,228810.KS
2021-07-07,8310.0,234597,228810.KS
2021-07-08,8225.0,241285,228810.KS
2021-07-09,8180.0,309119,228810.KS
2021-07-12,8370.0,422871,228810.KS
2021-07-13,8525.0,507345,228810.KS
2021-07-14,8565.0,288789,228810.KS
2021-07-15,8570.0,400234,228810.KS
2021-07-16,8660.0,578988,228810.KS
2021-07-19,8575.0,408384,228810.KS
2021-07-20,8490.0,257142,228810.KS
2021-07-21,8535.0,393974,228810.KS
2021-07-22,8645.0,502127,228810.KS
2021-07-23,8730.0,200156,228810.KS
2021-07-26,8725.0,500053,228810.KS
2021-07-27,8630.0,237008,228810.KS
2021-07-28,8495.0,315273,228810.KS
2021-07-29,8525.0,255742,228810.KS
2021-07-30,8310.0,321050,228810.KS
2021-08-02,8350.0,114753,228810.KS
2021-08-03,8375.0,191231,228810.KS
2021-08-04,8785.0,817045,228810.KS
2021-08-05,8760.0,757834,228810.KS
2021-08-06,8855.0,420146,228810.KS
2021-08-09,8810.0,507578,228810.KS
2021-08-10,8730.0,430924,228810.KS
2021-08-11,8595.0,289923,228810.KS
2021-08-12,8695.0,386260,228810.KS
2021-08-13,8550.0,307113,228810.KS
2021-08-17,8290.0,189656,228810.KS
2021-08-18,8380.0,122423,228810.KS
2021-08-19,8095.0,178388,228810.KS
2021-08-20,7735.0,271503,228810.KS
2021-08-23,8055.0,465961,228810.KS
2021-08-24,8395.0,302695,228810.KS
2021-08-25,8425.0,113060,228810.KS
2021-08-26,8510.0,119586,228810.KS
2021-08-27,8450.0,123915,228810.KS
2021-08-30,8450.0,104198,228810.KS
2021-08-31,8460.0,376155,228810.KS
2021-09-01,8530.0,146811,228810.KS
2021-09-02,8445.0,63729,228810.KS
2021-09-03,8395.0,136416,228810.KS
2021-09-06,8400.0,97500,228810.KS
2021-09-07,8455.0,106375,228810.KS
2021-09-08,8230.0,195412,228810.KS
2021-09-09,8220.0,63252,228810.KS
2021-09-10,8170.0,283709,228810.KS
2021-09-13,8080.0,157675,228810.KS
2021-09-14,8200.0,152595,228810.KS
2021-09-15,8245.0,125541,228810.KS
2021-09-16,8165.0,754667,228810.KS
2021-09-17,8200.0,98911,228810.KS
2021-09-23,8260.0,101021,228810.KS
2021-09-24,8235.0,104361,228810.KS
2021-09-27,8335.0,307824,228810.KS
2021-09-28,8350.0,553157,228810.KS
2021-09-29,8340.0,314395,228810.KS
2021-09-30,8700.0,997428,228810.KS
2021-10-01,8730.0,1561726,228810.KS
2021-10-05,8925.0,1939087,228810.KS
2021-10-06,8780.0,1003433,228810.KS
2021-10-07,9110.0,1360141,228810.KS
2021-10-08,9035.0,675068,228810.KS
2021-10-12,8890.0,570745,228810.KS
2021-10-13,8910.0,531893,228810.KS
2021-10-14,9085.0,640222,228810.KS
2021-10-15,9240.0,1042736,228810.KS
2021-10-18,9420.0,1417105,228810.KS
2021-10-19,9595.0,1202051,228810.KS
2021-10-20,9935.0,2112375,228810.KS
2021-10-21,9910.0,1348801,228810.KS
2021-10-22,10015.0,1419258,228810.KS
2021-10-25,9875.0,1318689,228810.KS
2021-10-26,10125.0,1480928,228810.KS
2021-10-27,10370.0,2532803,228810.KS
2021-10-28,10080.0,2265736,228810.KS
2021-10-29,10140.0,1295378,228810.KS
2021-11-01,10285.0,1191077,228810.KS
2021-11-02,10385.0,1165149,228810.KS
2021-11-03,10150.0,1109421,228810.KS
2021-11-04,10145.0,825708,228810.KS
2021-11-05,10180.0,756694,228810.KS
2021-11-08,10420.0,800954,228810.KS
2021-11-09,10675.0,2491103,228810.KS
2021-11-10,10555.0,1303605,228810.KS
2021-11-11,10645.0,1145385,228810.KS
2021-11-12,10685.0,2552731,228810.KS
2021-11-15,10905.0,1051807,228810.KS
2021-11-16,11085.0,1615644,228810.KS
2021-11-17,11585.0,2142840,228810.KS
2021-11-18,11635.0,2331242,228810.KS
2021-11-19,11310.0,2274130,228810.KS
2021-11-22,10710.0,2008259,228810.KS
2021-11-23,10540.0,1174267,228810.KS
2021-11-24,10500.0,967532,228810.KS
2021-11-25,10450.0,714684,228810.KS
2021-11-26,10105.0,685942,228810.KS
2021-11-29,9995.0,643618,228810.KS
2021-11-30,9785.0,772599,228810.KS
2021-12-01,9775.0,940103,228810.KS
2021-12-02,9445.0,541371,228810.KS
2021-12-03,9900.0,797661,228810.KS
2021-12-06,9645.0,424575,228810.KS
2021-12-07,9660.0,474034,228810.KS
2021-12-08,9655.0,476019,228810.KS
2021-12-09,9795.0,549406,228810.KS
2021-12-10,9685.0,295906,228810.KS
2021-12-13,9560.0,273032,228810.KS
2021-12-14,9535.0,231819,228810.KS
2021-12-15,9450.0,186630,228810.KS
2021-12-16,9520.0,134867,228810.KS
2021-12-17,9460.0,313337,228810.KS
2021-12-20,9260.0,187156,228810.KS
2021-12-21,9380.0,114743,228810.KS
2021-12-22,9505.0,154282,228810.KS
2021-12-23,9490.0,120402,228810.KS
2021-12-24,9700.0,260501,228810.KS
2021-12-27,9575.0,284367,228810.KS
2021-12-28,9810.0,668982,228810.KS
2021-12-29,9755.0,409660,228810.KS
2021-12-30,9815.0,399924,228810.KS
2022-01-04,9785.0,283772,228810.KS
2022-01-05,9455.0,369598,228810.KS
2022-01-06,9015.0,603424,228810.KS
2022-01-07,9160.0,341155,228810.KS
2022-01-10,9005.0,259743,228810.KS
2022-01-11,8905.0,190126,228810.KS
2022-01-12,9020.0,140621,228810.KS
2022-01-13,8895.0,129597,228810.KS
2022-01-14,8815.0,132214,228810.KS
2022-01-17,8740.0,795380,228810.KS
2022-01-18,8625.0,304224,228810.KS
2022-01-19,8535.0,183702,228810.KS
2022-01-20,8860.0,229632,228810.KS
2022-01-21,8855.0,325624,228810.KS
2022-01-24,8450.0,279488,228810.KS
2022-01-25,8145.0,284096,228810.KS
2022-01-26,7940.0,312895,228810.KS
2022-01-27,7590.0,318623,228810.KS
2022-01-28,7850.0,517210,228810.KS
2022-02-03,8010.0,328117,228810.KS
2022-02-04,8400.0,537777,228810.KS
2022-02-07,8320.0,233790,228810.KS
2022-02-08,8390.0,408227,228810.KS
2022-02-09,8535.0,631467,228810.KS
2022-02-10,8315.0,276910,228810.KS
2022-02-11,8155.0,412455,228810.KS
2022-02-15,7910.0,128107,228810.KS
2022-02-16,8300.0,380387,228810.KS
2022-02-17,8305.0,638600,228810.KS
2022-02-18,8380.0,207930,228810.KS
2022-02-21,8700.0,520459,228810.KS
2022-02-22,8650.0,574560,228810.KS
2022-02-23,8705.0,503234,228810.KS
2022-02-24,8510.0,844723,228810.KS
2022-02-25,8715.0,409963,228810.KS
2022-02-28,8855.0,353385,228810.KS
2022-03-02,9015.0,425750,228810.KS
2022-03-03,9030.0,530792,228810.KS
2022-03-04,9040.0,329557,228810.KS
2022-03-07,8965.0,791113,228810.KS
2022-03-08,8795.0,536051,228810.KS
2022-03-10,9060.0,616817,228810.KS
2022-03-11,9285.0,1135297,228810.KS
2022-03-14,9120.0,871600,228810.KS
2022-03-15,9115.0,481261,228810.KS
2022-03-16,9290.0,584362,228810.KS
2022-03-17,9315.0,429377,228810.KS
2022-03-18,9375.0,582098,228810.KS
2022-03-21,9305.0,528338,228810.KS
2022-03-22,9540.0,738020,228810.KS
2022-03-23,9570.0,412049,228810.KS
2022-03-24,9595.0,298523,228810.KS
2022-03-25,9645.0,389436,228810.KS
2022-03-28,9445.0,350311,228810.KS
2022-03-29,9490.0,530883,228810.KS
2022-03-30,9660.0,601584,228810.KS
2022-03-31,9740.0,654541,228810.KS
2022-04-01,9920.0,1179230,228810.KS
2022-04-04,9855.0,522124,228810.KS
2022-04-05,9735.0,848874,228810.KS
2022-04-06,9625.0,631536,228810.KS
2022-04-07,9380.0,329979,228810.KS
2022-04-08,9375.0,977969,228810.KS
2022-04-11,9265.0,308915,228810.KS
2022-04-12,9190.0,200681,228810.KS
2022-04-13,9375.0,446197,228810.KS
2022-04-14,9355.0,375873,228810.KS
2022-04-15,9455.0,425091,228810.KS
2022-04-18,9150.0,420123,228810.KS
2022-04-19,9205.0,377065,228810.KS
2022-04-20,9030.0,577405,228810.KS
2022-04-21,8925.0,334821,228810.KS
2022-04-22,8765.0,281659,228810.KS
2022-04-25,8595.0,493853,228810.KS
2022-04-26,8715.0,391588,228810.KS
2022-04-27,8610.0,368201,228810.KS
2022-04-28,8515.0,162868,228810.KS
2022-04-29,8470.0,333317,228810.KS
2022-05-03,8500.0,337250,228810.KS
2022-05-04,8440.0,262968,228810.KS
2022-05-06,8320.0,345914,228810.KS
2022-05-10,7895.0,686247,228810.KS
2022-05-11,7860.0,252705,228810.KS
2022-05-12,7375.0,693135,228810.KS
2022-05-13,7505.0,196534,228810.KS
2022-05-16,7625.0,191338,228810.KS
2022-05-17,7775.0,227292,228810.KS
2022-05-18,7810.0,193890,228810.KS
2022-05-19,7650.0,147536,228810.KS
2022-05-20,7855.0,267109,228810.KS
2022-05-23,7830.0,167937,228810.KS
2022-05-24,7680.0,118464,228810.KS
2022-05-25,7760.0,349439,228810.KS
2022-05-26,7745.0,301394,228810.KS
2022-05-27,7810.0,141639,228810.KS
2022-05-30,8090.0,352519,228810.KS
2022-05-31,8135.0,393940,228810.KS
2022-06-02,8005.0,171181,228810.KS
2022-06-03,8050.0,198645,228810.KS
2022-06-07,7855.0,168313,228810.KS
2022-06-08,8000.0,233258,228810.KS
2022-06-09,8040.0,81080,228810.KS
2022-06-10,7975.0,90615,228810.KS
2022-06-13,7540.0,182334,228810.KS
2022-06-14,7355.0,220742,228810.KS
2022-06-15,6935.0,471840,228810.KS
2022-06-16,7005.0,271758,228810.KS
2022-06-17,6890.0,250235,228810.KS
2022-06-20,6735.0,224538,228810.KS
2022-06-21,6780.0,253810,228810.KS
2022-06-22,6355.0,326038,228810.KS
2022-06-23,6100.0,262116,228810.KS
2022-06-24,6430.0,146479,228810.KS
2022-06-27,6595.0,298055,228810.KS
2022-06-28,6505.0,185524,228810.KS
2022-06-29,6415.0,239930,228810.KS
2022-06-30,6305.0,84508,228810.KS
2022-07-01,6215.0,56178,228810.KS
2022-07-04,6230.0,185138,228810.KS
2022-07-05,6425.0,195854,228810.KS
2022-07-06,6500.0,333439,228810.KS
2022-07-07,6605.0,89820,228810.KS
2022-07-08,6730.0,249627,228810.KS
2022-07-11,6735.0,185338,228810.KS
2022-07-12,6550.0,68442,228810.KS
2022-07-13,6845.0,157215,228810.KS
2022-07-14,6920.0,291673,228810.KS
2022-07-15,6820.0,149168,228810.KS
2022-07-18,6960.0,138814,228810.KS
2022-07-19,6935.0,219260,228810.KS
2022-07-20,7060.0,472764,228810.KS
2022-07-21,7165.0,169403,228810.KS
2022-07-22,7070.0,189383,228810.KS
2022-07-25,7200.0,162316,228810.KS
2022-07-26,7020.0,161682,228810.KS
2022-07-27,6930.0,101090,228810.KS
2022-07-28,6920.0,143242,228810.KS
2022-07-29,7045.0,176017,228810.KS
2022-08-01,6990.0,199659,228810.KS
2022-08-02,6905.0,99979,228810.KS
2022-08-03,7140.0,170997,228810.KS
2022-08-04,7255.0,225968,228810.KS
2022-08-05,7240.0,155555,228810.KS
2022-08-08,7300.0,129419,228810.KS
2022-08-09,7420.0,248390,228810.KS
2022-08-10,7195.0,259286,228810.KS
2022-08-11,7400.0,390145,228810.KS
2022-08-12,7390.0,177213,228810.KS
2022-08-16,7430.0,272200,228810.KS
2022-08-17,7250.0,313690,228810.KS
2022-08-18,7250.0,284993,228810.KS
2022-08-19,7125.0,169202,228810.KS
2022-08-22,7000.0,401706,228810.KS
2022-08-23,6805.0,225641,228810.KS
2022-08-24,6885.0,326620,228810.KS
2022-08-25,7065.0,216618,228810.KS
2022-08-26,7025.0,358651,228810.KS
2022-08-29,6755.0,315630,228810.KS
2022-08-30,6925.0,337146,228810.KS
2022-08-31,7060.0,203088,228810.KS
2022-09-01,6805.0,150025,228810.KS
2022-09-02,6855.0,111168,228810.KS
2022-09-05,6810.0,134569,228810.KS
2022-09-06,6810.0,111857,228810.KS
2022-09-07,6715.0,144030,228810.KS
2022-09-08,6755.0,177069,228810.KS
2022-09-13,6895.0,182725,228810.KS
2022-09-14,6690.0,181683,228810.KS
2022-09-15,6635.0,93127,228810.KS
2022-09-16,6685.0,190914,228810.KS
2022-09-19,6525.0,279877,228810.KS
2022-09-20,6600.0,90400,228810.KS
2022-09-21,6600.0,76710,228810.KS
2022-09-22,6430.0,153417,228810.KS
2022-09-23,6210.0,88307,228810.KS
2022-09-26,5890.0,281330,228810.KS
2022-09-27,5985.0,279138,228810.KS
2022-09-28,5645.0,294784,228810.KS
2022-09-29,5765.0,596374,228810.KS
2022-09-30,5820.0,452026,228810.KS
2022-10-04,5970.0,344638,228810.KS
2022-10-05,5765.0,331253,228810.KS
2022-10-06,5850.0,164596,228810.KS
2022-10-07,5690.0,212474,228810.KS
2022-10-11,5395.0,125795,228810.KS
2022-10-12,5470.0,178706,228810.KS
2022-10-13,5305.0,321621,228810.KS
2022-10-14,5635.0,420580,228810.KS
2022-10-17,5585.0,283806,228810.KS
2022-10-18,5720.0,199794,228810.KS
2022-10-19,5655.0,328696,228810.KS
2022-10-20,5525.0,98814,228810.KS
2022-10-21,5470.0,44748,228810.KS
2022-10-24,5580.0,88116,228810.KS
2022-10-25,5605.0,70278,228810.KS
2022-10-26,5525.0,91385,228810.KS
2022-10-27,5665.0,116350,228810.KS
2022-10-28,5585.0,105697,228810.KS
2022-10-31,5585.0,157477,228810.KS
2022-11-01,5575.0,185334,228810.KS
2022-11-02,5580.0,103579,228810.KS
2022-11-03,5465.0,113766,228810.KS
2022-11-04,5415.0,145425,228810.KS
2022-11-07,5515.0,110586,228810.KS
2022-11-08,5715.0,100849,228810.KS
2022-11-09,5670.0,91898,228810.KS
2022-11-10,5705.0,102195,228810.KS
2022-11-11,5935.0,122009,228810.KS
2022-11-14,5910.0,154286,228810.KS
2022-11-15,6045.0,132127,228810.KS
2022-11-16,6180.0,94399,228810.KS
2022-11-17,6150.0,126050,228810.KS
2022-11-18,6060.0,131078,228810.KS
2022-11-21,6005.0,257068,228810.KS
2022-11-22,5925.0,102284,228810.KS
2022-11-23,6315.0,365147,228810.KS
2022-11-24,6500.0,252691,228810.KS
2022-11-25,6465.0,131088,228810.KS
2022-11-28,6400.0,280018,228810.KS
2022-11-29,6540.0,200960,228810.KS
2022-11-30,6445.0,130265,228810.KS
2022-12-01,6655.0,176023,228810.KS
2022-12-02,6650.0,190579,228810.KS
2022-12-05,6640.0,349385,228810.KS
2022-12-06,6465.0,219842,228810.KS
2022-12-07,6540.0,178109,228810.KS
2022-12-08,6515.0,117529,228810.KS
2022-12-09,6855.0,410954,228810.KS
2022-12-12,6955.0,574489,228810.KS
2022-12-13,6765.0,479716,228810.KS
2022-12-14,6875.0,170584,228810.KS
2022-12-15,6680.0,245548,228810.KS
2022-12-16,6765.0,208945,228810.KS
2022-12-19,6885.0,344586,228810.KS
2022-12-20,6650.0,250756,228810.KS
2022-12-21,6800.0,400678,228810.KS
2022-12-22,6910.0,239878,228810.KS
2022-12-23,6750.0,157807,228810.KS
2022-12-26,6745.0,131808,228810.KS
2022-12-27,6710.0,160463,228810.KS
2022-12-28,6685.0,114551,228810.KS
2022-12-29,6710.0,254221,228810.KS
2023-01-02,6670.0,209905,228810.KS
2023-01-03,6800.0,454007,228810.KS
2023-01-04,6695.0,220762,228810.KS
2023-01-05,6680.0,276481,228810.KS
2023-01-06,6610.0,121374,228810.KS
2023-01-09,6725.0,185442,228810.KS
2023-01-10,6640.0,141004,228810.KS
2023-01-11,6815.0,113395,228810.KS
2023-01-12,6810.0,119039,228810.KS
2023-01-13,6785.0,130553,228810.KS
2023-01-16,6860.0,119357,228810.KS
2023-01-17,6785.0,146208,228810.KS
2023-01-18,6925.0,108560,228810.KS
2023-01-19,7050.0,268998,228810.KS
2023-01-20,7115.0,213817,228810.KS
2023-01-25,7085.0,104016,228810.KS
2023-01-26,7100.0,190566,228810.KS
2023-01-27,7155.0,167510,228810.KS
2023-01-30,7160.0,163716,228810.KS
2023-01-31,7245.0,326247,228810.KS
2023-02-01,7350.0,177078,228810.KS
2023-02-02,7395.0,232998,228810.KS
2023-02-03,7560.0,213133,228810.KS
2023-02-06,7455.0,163182,228810.KS
2023-02-07,7515.0,453956,228810.KS
2023-02-08,7735.0,264188,228810.KS
2023-02-09,7690.0,301122,228810.KS
2023-02-10,7755.0,530585,228810.KS
2023-02-13,7590.0,221438,228810.KS
2023-02-14,7655.0,144757,228810.KS
2023-02-15,7625.0,444465,228810.KS
2023-02-16,7770.0,161623,228810.KS
2023-02-17,7600.0,226238,228810.KS
2023-02-20,7620.0,132778,228810.KS
2023-02-21,7590.0,98737,228810.KS
2023-02-22,7510.0,126673,228810.KS
2023-02-23,7640.0,100918,228810.KS
2023-02-24,7475.0,108982,228810.KS
2023-02-27,7440.0,130881,228810.KS
2023-02-28,7650.0,112068,228810.KS
2023-03-02,7540.0,95785,228810.KS
2023-03-03,7615.0,83393,228810.KS
2023-03-06,7620.0,130205,228810.KS
2023-03-07,7775.0,290047,228810.KS
2023-03-08,7760.0,128390,228810.KS
2023-03-09,7680.0,107604,228810.KS
2023-03-10,7550.0,243843,228810.KS
2023-03-13,7080.0,243331,228810.KS
2023-03-14,6865.0,363117,228810.KS
2023-03-15,6820.0,135639,228810.KS
2023-03-16,6760.0,81170,228810.KS
2023-03-17,6910.0,126437,228810.KS
2023-03-20,6875.0,54815,228810.KS
2023-03-21,6985.0,74145,228810.KS
2023-03-22,6950.0,71258,228810.KS
2023-03-23,6875.0,68140,228810.KS
2023-03-24,7030.0,127765,228810.KS
2023-03-27,6790.0,151660,228810.KS
2023-03-28,6920.0,71908,228810.KS
2023-03-29,6970.0,83096,228810.KS
2023-03-30,6940.0,59074,228810.KS
2023-03-31,6925.0,63094,228810.KS
2023-04-03,6855.0,72846,228810.KS
2023-04-04,7040.0,174048,228810.KS
2023-04-05,6990.0,107408,228810.KS
2023-04-06,6970.0,116947,228810.KS
2023-04-07,7060.0,113933,228810.KS
2023-04-10,6950.0,79531,228810.KS
2023-04-11,6975.0,434601,228810.KS
2023-04-12,7040.0,135047,228810.KS
2023-04-13,7310.0,373095,228810.KS
2023-04-14,7475.0,398680,228810.KS
2023-04-17,7470.0,193224,228810.KS
2023-04-18,7400.0,316927,228810.KS
2023-04-19,7345.0,110493,228810.KS
2023-04-20,7210.0,163429,228810.KS
2023-04-21,7105.0,102935,228810.KS
2023-04-24,7120.0,151959,228810.KS
2023-04-25,7100.0,967913,228810.KS
2023-04-26,7205.0,128368,228810.KS
2023-04-27,7225.0,147233,228810.KS
2023-04-28,7250.0,285440,228810.KS
2023-05-02,7505.0,469750,228810.KS
2023-05-03,7515.0,329072,228810.KS
2023-05-04,7440.0,96410,228810.KS
2023-05-08,7310.0,129113,228810.KS
2023-05-09,7205.0,339295,228810.KS
2023-05-10,7210.0,63962,228810.KS
2023-05-11,7325.0,116268,228810.KS
2023-05-12,7465.0,203750,228810.KS
2023-05-15,7350.0,117672,228810.KS
2023-05-16,7650.0,471352,228810.KS
2023-05-17,7940.0,656421,228810.KS
2023-05-19,7840.0,300257,228810.KS
2023-05-22,7760.0,258448,228810.KS
2023-05-23,7870.0,321054,228810.KS
2023-05-25,7665.0,172519,228810.KS
2023-05-26,7625.0,145300,228810.KS
2023-05-30,7835.0,192881,228810.KS
2023-05-31,7865.0,153764,228810.KS
2023-06-01,7770.0,247687,228810.KS
2023-06-02,7755.0,90822,228810.KS
2023-06-05,7725.0,70848,228810.KS
2023-06-07,7770.0,173948,228810.KS
2023-06-08,7670.0,64268,228810.KS
2023-06-09,7770.0,190311,228810.KS
2023-06-12,7855.0,105268,228810.KS
2023-06-13,7855.0,294391,228810.KS
2023-06-14,7825.0,464454,228810.KS
2023-06-15,7820.0,133065,228810.KS
2023-06-16,7825.0,84652,228810.KS
2023-06-19,7825.0,57239,228810.KS
2023-06-20,7910.0,178222,228810.KS
2023-06-21,7640.0,201505,228810.KS
2023-06-22,7555.0,146377,228810.KS
2023-06-23,7400.0,132545,228810.KS
2023-06-26,7305.0,105235,228810.KS
2023-06-27,7230.0,125742,228810.KS
2023-06-28,7195.0,106293,228810.KS
2023-06-29,7125.0,153869,228810.KS
2023-06-30,7140.0,162892,228810.KS
2023-07-07,7055.0,81575,228810.KS
2023-07-10,6995.0,101243,228810.KS
2023-07-14,7195.0,152551,228810.KS
2023-07-17,7170.0,90436,228810.KS
2023-07-19,7075.0,153316,228810.KS
2023-07-20,7105.0,137685,228810.KS
2023-07-21,7000.0,80746,228810.KS
2023-07-24,6830.0,139515,228810.KS
2023-07-26,6655.0,355940,228810.KS
2023-07-28,6965.0,281162,228810.KS
2023-08-03,6875.0,156281,228810.KS
2023-08-04,7080.0,125079,228810.KS
2023-08-07,7110.0,180024,228810.KS
2023-08-08,7040.0,116005,228810.KS
2023-08-09,7000.0,54996,228810.KS
2023-08-10,7085.0,128827,228810.KS
2023-08-11,7040.0,145793,228810.KS
2023-08-14,6950.0,116962,228810.KS
2023-08-16,6745.0,104960,228810.KS
2023-08-17,6710.0,113928,228810.KS
2023-08-18,6550.0,93269,228810.KS
2023-08-21,6550.0,220073,228810.KS
2023-08-22,6510.0,159126,228810.KS
2023-08-23,6475.0,64349,228810.KS
2023-08-24,6590.0,47346,228810.KS
2023-08-25,6585.0,55346,228810.KS
2023-08-28,6740.0,71664,228810.KS
2023-08-29,6890.0,246303,228810.KS
2023-08-30,6940.0,103115,228810.KS
2023-08-31,6915.0,64810,228810.KS
2023-09-01,6765.0,50059,228810.KS
2023-09-04,6785.0,83814,228810.KS
2023-09-05,6765.0,60512,228810.KS
2023-09-06,6720.0,58935,228810.KS
2023-09-07,6610.0,61287,228810.KS
2023-09-08,6695.0,81686,228810.KS
2023-09-11,6725.0,98578,228810.KS
2023-09-12,6840.0,120763,228810.KS
2023-09-13,6765.0,41812,228810.KS
2023-09-14,6895.0,141769,228810.KS
2023-09-15,6855.0,67126,228810.KS
2023-09-18,6760.0,43530,228810.KS
2023-09-19,6720.0,74526,228810.KS
2023-09-20,6685.0,62091,228810.KS
2023-09-21,6470.0,55534,228810.KS
2023-09-22,6410.0,526579,228810.KS
2023-09-25,6485.0,59138,228810.KS
2023-09-26,6380.0,35209,228810.KS
2023-09-27,6420.0,21789,228810.KS
2023-10-04,6105.0,64813,228810.KS
2023-10-05,6080.0,30054,228810.KS
2023-10-06,6120.0,54077,228810.KS
2023-10-10,5965.0,34666,228810.KS
2023-10-11,6070.0,17621,228810.KS
2023-10-12,6290.0,271153,228810.KS
2023-10-13,6155.0,134382,228810.KS
2023-10-16,6010.0,117212,228810.KS
2023-10-17,6020.0,44682,228810.KS
2023-10-18,5960.0,33317,228810.KS
2023-10-19,5785.0,46562,228810.KS
2023-10-20,5690.0,43411,228810.KS
2023-10-23,5680.0,57603,228810.KS
2023-10-24,5820.0,63634,228810.KS
2023-10-25,5785.0,39504,228810.KS
2023-10-26,5455.0,165229,228810.KS
2023-10-27,5555.0,95031,228810.KS
2023-10-30,5640.0,70221,228810.KS
2023-10-31,5595.0,183723,228810.KS
2023-11-01,5795.0,68505,228810.KS
2023-11-02,5935.0,32690,228810.KS
2023-11-03,5975.0,52752,228810.KS
2023-11-06,6295.0,88391,228810.KS
2023-11-07,6180.0,151264,228810.KS
2023-11-08,6390.0,229832,228810.KS
2023-11-09,6375.0,100394,228810.KS
2023-11-10,6310.0,46291,228810.KS
2023-11-13,6060.0,94141,228810.KS
2023-11-14,6125.0,38851,228810.KS
2023-11-15,6250.0,93316,228810.KS
2023-11-16,6255.0,78067,228810.KS
2023-11-17,5995.0,152855,228810.KS
2023-11-20,6090.0,71856,228810.KS
2023-11-21,6175.0,131212,228810.KS
2023-11-22,6220.0,90704,228810.KS
2023-11-23,6310.0,129052,228810.KS
2023-11-24,6305.0,39063,228810.KS
2023-11-27,6260.0,67527,228810.KS
2023-11-28,6185.0,71202,228810.KS
2023-11-29,6180.0,38864,228810.KS
2023-11-30,6125.0,66987,228810.KS
2023-12-01,6140.0,80969,228810.KS
2023-12-04,6085.0,54671,228810.KS
2023-12-05,6000.0,38440,228810.KS
2023-12-06,6350.0,223077,228810.KS
2023-12-07,6310.0,81145,228810.KS
2023-12-08,6410.0,80583,228810.KS
2023-12-11,6600.0,170108,228810.KS
2023-12-12,6415.0,151512,228810.KS
2023-12-13,6405.0,48661,228810.KS
2023-12-14,6255.0,152296,228810.KS
2023-12-15,6275.0,66460,228810.KS
2023-12-18,6390.0,68506,228810.KS
2023-12-19,6460.0,90303,228810.KS
2023-12-20,6480.0,110552,228810.KS
2023-12-21,6395.0,57999,228810.KS
2023-12-22,6355.0,59722,228810.KS
2023-12-26,6250.0,57945,228810.KS
2023-12-27,6345.0,61568,228810.KS
2023-12-28,6355.0,195882,228810.KS
2024-01-02,6400.0,82811,228810.KS
2024-01-03,6330.0,39568,228810.KS
2024-01-04,6245.0,82142,228810.KS
2024-01-05,6300.0,74535,228810.KS
2024-01-08,6445.0,72927,228810.KS
2024-01-09,6635.0,90783,228810.KS
2024-01-10,6615.0,64853,228810.KS
2024-01-11,6600.0,66567,228810.KS
2024-01-12,6425.0,87116,228810.KS
2024-01-15,6175.0,156069,228810.KS
2024-01-16,6100.0,74309,228810.KS
2024-01-17,5955.0,65082,228810.KS
2024-01-19,6040.0,63018,228810.KS
2024-01-22,6135.0,97397,228810.KS
2024-01-23,6190.0,50986,228810.KS
2024-01-24,6310.0,108527,228810.KS
2024-01-25,6215.0,56521,228810.KS
2024-01-26,6275.0,45861,228810.KS
2024-01-29,5975.0,236152,228810.KS
2024-01-30,5930.0,86541,228810.KS
2024-01-31,5785.0,56042,228810.KS
2024-02-01,5680.0,59626,228810.KS
2024-02-02,5755.0,51622,228810.KS
2024-02-05,5695.0,81945,228810.KS
2024-02-06,5685.0,49364,228810.KS
2024-02-07,5810.0,61781,228810.KS
2024-02-08,5895.0,68128,228810.KS
2024-02-13,5870.0,164554,228810.KS
2024-02-14,5965.0,87377,228810.KS
2024-02-15,5955.0,179425,228810.KS
2024-02-16,5925.0,42441,228810.KS
2024-02-19,5925.0,45831,228810.KS
2024-02-20,5910.0,49431,228810.KS
2024-02-21,5975.0,159836,228810.KS
2024-02-22,6080.0,128342,228810.KS
2024-02-23,6045.0,40704,228810.KS
2024-02-26,6080.0,109479,228810.KS
2024-02-27,5855.0,122219,228810.KS
2024-02-28,5910.0,71278,228810.KS
2024-02-29,5850.0,79657,228810.KS
2024-03-04,5685.0,78298,228810.KS
2024-03-05,5595.0,104274,228810.KS
2024-03-06,5490.0,155733,228810.KS
2024-03-07,5375.0,173916,228810.KS
2024-03-08,5480.0,103674,228810.KS
2024-03-11,5660.0,213619,228810.KS
2024-03-12,5690.0,104484,228810.KS
2024-03-13,5695.0,85605,228810.KS
2024-03-14,5645.0,145471,228810.KS
2024-03-15,5580.0,66963,228810.KS
2024-03-18,5620.0,189285,228810.KS
2024-03-19,5535.0,78793,228810.KS
2024-03-20,5490.0,94169,228810.KS
2024-03-21,5530.0,115497,228810.KS
2024-03-22,5560.0,106244,228810.KS
2024-03-25,5615.0,112618,228810.KS
2024-03-26,5800.0,189149,228810.KS
2024-03-27,5885.0,297399,228810.KS
2024-03-28,5810.0,154957,228810.KS
2024-03-29,5910.0,97385,228810.KS
2024-04-01,5925.0,114612,228810.KS
2024-04-02,5705.0,145161,228810.KS
2024-04-03,5715.0,148859,228810.KS
2024-04-04,5665.0,75156,228810.KS
2024-04-05,5660.0,63755,228810.KS
2024-04-08,5565.0,84318,228810.KS
2024-04-09,5510.0,116188,228810.KS
2024-04-11,5510.0,54274,228810.KS
2024-04-12,5415.0,96469,228810.KS
2024-04-15,5325.0,84503,228810.KS
2024-04-16,5245.0,97954,228810.KS
2024-04-17,5280.0,38722,228810.KS
2024-04-18,5390.0,91886,228810.KS
2024-04-19,5410.0,199936,228810.KS
2024-04-22,5425.0,106765,228810.KS
2024-04-23,5455.0,57840,228810.KS
2024-04-24,5480.0,177606,228810.KS
2024-04-25,5385.0,140123,228810.KS
2024-04-26,5350.0,105116,228810.KS
2024-04-29,5385.0,124659,228810.KS
2024-04-30,5370.0,74809,228810.KS
2024-05-02,5415.0,239624,228810.KS
2024-05-03,5550.0,127977,228810.KS
2024-05-07,5560.0,129474,228810.KS
2024-05-08,5530.0,61081,228810.KS
2024-05-09,5600.0,191552,228810.KS
2024-05-10,5705.0,227278,228810.KS
2024-05-13,5445.0,339249,228810.KS
2024-05-14,5490.0,126160,228810.KS
2024-05-16,5515.0,87965,228810.KS
2024-05-17,5560.0,51665,228810.KS
2024-05-20,5430.0,111592,228810.KS
2024-05-21,5380.0,94955,228810.KS
2024-05-22,5380.0,69631,228810.KS
2024-05-23,5530.0,403966,228810.KS
2024-05-24,5560.0,105858,228810.KS
2024-05-27,5645.0,221066,228810.KS
2024-05-28,5520.0,124762,228810.KS
2024-05-29,5410.0,82197,228810.KS
2024-05-30,5475.0,129484,228810.KS
2024-05-31,5480.0,105731,228810.KS
2024-06-03,5465.0,97834,228810.KS
2024-06-04,5355.0,197448,228810.KS
2024-06-05,5345.0,153206,228810.KS
2024-06-07,5275.0,153245,228810.KS
2024-06-10,5315.0,62299,228810.KS
2024-06-11,5280.0,100932,228810.KS
2024-06-12,5255.0,122320,228810.KS
2024-06-13,5230.0,127975,228810.KS
2024-06-14,5185.0,126848,228810.KS
2024-06-17,5155.0,159690,228810.KS
2024-06-18,5150.0,94550,228810.KS
2024-06-19,5150.0,93570,228810.KS
2024-06-20,5125.0,53069,228810.KS
2024-06-21,5070.0,102022,228810.KS
2024-06-24,4995.0,88309,228810.KS
2024-06-25,5000.0,60179,228810.KS
2024-06-26,5035.0,98216,228810.KS
2024-06-27,5060.0,44193,228810.KS
2024-06-28,5105.0,190274,228810.KS
2024-07-01,5140.0,74021,228810.KS
2024-07-02,5045.0,41414,228810.KS
2024-07-03,4935.0,132955,228810.KS
2024-07-04,4900.0,206473,228810.KS
2024-07-05,4890.0,156796,228810.KS
2024-07-08,5000.0,134554,228810.KS
2024-07-09,5000.0,43348,228810.KS
2024-07-10,4965.0,75950,228810.KS
2024-07-11,4995.0,74326,228810.KS
2024-07-12,5040.0,112029,228810.KS
2024-07-15,5015.0,35872,228810.KS
2024-07-16,4960.0,82673,228810.KS
2024-07-17,4930.0,75764,228810.KS
2024-07-18,4910.0,72404,228810.KS
2024-07-19,4895.0,57341,228810.KS
2024-07-22,4810.0,48329,228810.KS
2024-07-23,4795.0,74450,228810.KS
2024-07-24,4740.0,65474,228810.KS
2024-07-25,4695.0,77438,228810.KS
2024-07-26,4700.0,56858,228810.KS
2024-07-29,4740.0,62261,228810.KS
2024-07-30,4725.0,32855,228810.KS
2024-07-31,4760.0,46550,228810.KS
2024-08-01,4805.0,68009,228810.KS
2024-08-02,4700.0,94293,228810.KS
2024-08-05,4300.0,175542,228810.KS
2024-08-06,4345.0,159021,228810.KS
2024-08-07,4520.0,88146,228810.KS
2024-08-08,4460.0,48104,228810.KS
2024-08-09,4560.0,67858,228810.KS
2024-08-12,4570.0,74865,228810.KS
2024-08-13,4475.0,45776,228810.KS
2024-08-14,4420.0,73543,228810.KS
2024-08-16,4400.0,75158,228810.KS
2024-08-19,4425.0,50753,228810.KS
2024-08-20,4470.0,39549,228810.KS
2024-08-21,4515.0,101210,228810.KS
2024-08-22,4590.0,100467,228810.KS
2024-08-23,4540.0,42245,228810.KS
2024-08-26,4520.0,65932,228810.KS
2024-08-28,4475.0,27512,228810.KS
2024-08-29,4440.0,17698,228810.KS
2024-08-30,4470.0,13914,228810.KS
2024-09-02,4410.0,63359,228810.KS
2024-09-03,4415.0,34864,228810.KS
2024-09-04,4165.0,199107,228810.KS
2024-09-05,4265.0,102060,228810.KS
2024-09-06,4110.0,134124,228810.KS
2024-09-09,4150.0,58382,228810.KS
2024-09-10,4100.0,30883,228810.KS
2024-09-11,4140.0,19785,228810.KS
2024-09-12,4185.0,25078,228810.KS
2024-09-13,4155.0,29504,228810.KS
2024-09-19,4165.0,75897,228810.KS
2024-09-20,4160.0,47822,228810.KS
2024-09-23,4185.0,47027,228810.KS
2024-09-24,4305.0,137913,228810.KS
2024-09-25,4300.0,68301,228810.KS
2024-09-26,4445.0,108633,228810.KS
2024-09-27,4620.0,221582,228810.KS
2024-09-30,4535.0,147579,228810.KS
2024-10-02,4515.0,93822,228810.KS
2024-10-04,4525.0,54967,228810.KS
2024-10-07,4525.0,69290,228810.KS
2024-10-08,4590.0,106139,228810.KS
2024-10-10,4525.0,86085,228810.KS
2024-10-11,4475.0,98056,228810.KS
2024-10-14,4585.0,51291,228810.KS
2024-10-15,4630.0,80625,228810.KS
2024-10-16,4535.0,65250,228810.KS
2024-10-17,4600.0,87772,228810.KS
2024-10-18,4555.0,87169,228810.KS
2024-10-21,4620.0,69741,228810.KS
2024-10-22,4650.0,327485,228810.KS
2024-10-23,4715.0,113813,228810.KS
2024-10-24,4640.0,92963,228810.KS
2024-10-25,4640.0,107924,228810.KS
2024-10-28,4720.0,108038,228810.KS
2024-10-29,4800.0,142221,228810.KS
2024-10-31,4770.0,71707,228810.KS
2024-11-01,4825.0,112674,228810.KS
2024-11-04,5035.0,551088,228810.KS
2024-11-06,5170.0,223889,228810.KS
2024-11-07,5105.0,171254,228810.KS
2024-11-08,5115.0,133943,228810.KS
2024-11-11,4965.0,180171,228810.KS
2024-11-12,4805.0,106523,228810.KS
2024-11-13,4920.0,330407,228810.KS
2024-11-14,5000.0,239160,228810.KS
2024-11-15,5085.0,589617,228810.KS
2024-11-18,5225.0,121546,228810.KS
2024-11-19,5350.0,268733,228810.KS
2024-11-20,5355.0,194561,228810.KS
2024-11-21,5310.0,215569,228810.KS
2024-11-22,5375.0,235822,228810.KS
2024-11-25,5465.0,452761,228810.KS
2024-11-26,5535.0,245803,228810.KS
2024-11-27,5650.0,461789,228810.KS
2024-11-28,5540.0,354949,228810.KS
2024-11-29,5540.0,323607,228810.KS
2024-12-02,5485.0,241817,228810.KS
2024-12-03,5495.0,363143,228810.KS
2024-12-04,5390.0,244846,228810.KS
2024-12-05,5210.0,184462,228810.KS
2024-12-06,5090.0,267572,228810.KS
2024-12-09,4825.0,190586,228810.KS
2024-12-10,5190.0,212134,228810.KS
2024-12-11,5240.0,87797,228810.KS
2024-12-12,5315.0,143356,228810.KS
2024-12-13,5555.0,880334,228810.KS
2024-12-16,5580.0,171090,228810.KS
2024-12-17,5485.0,133757,228810.KS
2024-12-18,5610.0,142490,228810.KS
2024-12-19,5515.0,260070,228810.KS
2024-12-20,5345.0,107719,228810.KS
2024-12-23,5360.0,181285,228810.KS
2024-12-24,5260.0,689175,228810.KS
2024-12-26,5360.0,422971,228810.KS
2024-12-27,5050.0,376717,228810.KS
2024-12-30,5080.0,100681,228810.KS
2025-01-02,4995.0,204749,228810.KS
2025-01-03,5085.0,157517,228810.KS
2025-01-06,4960.0,297251,228810.KS
2025-01-07,5060.0,103730,228810.KS
2025-01-08,4985.0,106628,228810.KS
2025-01-09,4915.0,111810,228810.KS
2025-01-10,5020.0,145117,228810.KS
2025-01-13,4985.0,77175,228810.KS
2025-01-14,5150.0,119356,228810.KS
2025-01-15,5135.0,78204,228810.KS
2025-01-16,5135.0,125816,228810.KS
2025-01-17,5155.0,102355,228810.KS
2025-01-20,5095.0,135455,228810.KS
2025-01-21,5065.0,97483,228810.KS
2025-01-22,5085.0,118929,228810.KS
2025-01-23,5030.0,93875,228810.KS
2025-01-24,5095.0,233160,228810.KS
2025-01-31,5115.0,140493,228810.KS
2025-02-03,5080.0,171426,228810.KS
2025-02-04,5200.0,132064,228810.KS
2025-02-05,5280.0,409022,228810.KS
2025-02-06,5320.0,635730,228810.KS
2025-02-07,5335.0,536147,228810.KS
2025-02-10,5465.0,748235,228810.KS
2025-02-11,5590.0,429116,228810.KS
2025-02-12,5605.0,456293,228810.KS
2025-02-13,5580.0,559196,228810.KS
2025-02-14,5510.0,217182,228810.KS
2025-02-17,5405.0,791202,228810.KS
2025-02-18,5505.0,247767,228810.KS
2025-02-19,5630.0,362936,228810.KS
2025-02-20,5995.0,2184695,228810.KS
2025-02-21,5910.0,827722,228810.KS
2025-02-24,5845.0,311866,228810.KS
2025-02-25,5965.0,463744,228810.KS
2025-02-26,5960.0,1034931,228810.KS
2025-02-27,5995.0,295947,228810.KS
2025-02-28,6005.0,849526,228810.KS
2025-03-04,5915.0,404752,228810.KS
2025-03-05,5820.0,648122,228810.KS
2025-03-06,5750.0,436248,228810.KS
2025-03-07,5745.0,405849,228810.KS
2025-03-10,5655.0,462514,228810.KS
2025-03-11,5540.0,349115,228810.KS
2025-03-12,5555.0,758030,228810.KS
2025-03-13,5450.0,254192,228810.KS
2025-03-14,5435.0,244326,228810.KS
2025-03-17,5505.0,352458,228810.KS
2025-03-18,5390.0,277753,228810.KS
2025-03-19,5500.0,253249,228810.KS
2025-03-20,5400.0,242729,228810.KS
2025-03-21,5500.0,1721756,228810.KS
2025-03-24,5565.0,1041500,228810.KS
2025-03-25,5625.0,500032,228810.KS
2025-03-26,5640.0,889805,228810.KS
2025-03-27,5725.0,768595,228810.KS
2025-03-28,5615.0,264313,228810.KS
2025-03-31,5535.0,384184,228810.KS
2025-04-01,5555.0,548639,228810.KS
2025-04-02,5520.0,414962,228810.KS
2025-04-03,5565.0,120716,228810.KS
2025-04-04,5800.0,707818,228810.KS
2025-04-07,5460.0,534319,228810.KS
2025-04-08,5410.0,207103,228810.KS
2025-04-09,5180.0,305844,228810.KS
2025-04-10,5315.0,235539,228810.KS
2025-04-11,5435.0,352426,228810.KS
2025-04-14,5420.0,146569,228810.KS
2025-04-15,5440.0,150533,228810.KS
2025-04-16,5435.0,140296,228810.KS
2025-04-17,5660.0,201313,228810.KS
2025-04-18,5710.0,416565,228810.KS
2025-04-21,5610.0,170542,228810.KS
2025-04-22,5660.0,119810,228810.KS
2025-04-23,5640.0,407079,228810.KS
2025-04-24,5650.0,114063,228810.KS
2025-04-25,5810.0,421667,228810.KS
2025-04-28,5930.0,292615,228810.KS
2025-04-29,6105.0,1119316,228810.KS
2025-04-30,6205.0,1171287,228810.KS
2025-05-02,6200.0,1041417,228810.KS
2025-05-07,6200.0,983119,228810.KS
2025-05-08,6215.0,714143,228810.KS
2025-05-09,6170.0,578355,228810.KS
2025-05-12,6035.0,273170,228810.KS
2025-05-13,6095.0,1498000,228810.KS
2025-05-14,6360.0,419919,228810.KS
2025-05-15,6460.0,1243004,228810.KS
2025-05-16,6460.0,269991,228810.KS
2025-05-19,6410.0,584565,228810.KS
2025-05-20,6515.0,289602,228810.KS
2025-05-21,6560.0,309178,228810.KS
2025-05-22,6520.0,548605,228810.KS
2025-05-23,6750.0,546022,228810.KS
2025-05-26,6825.0,334336,228810.KS
2025-05-27,6780.0,375465,228810.KS
2025-05-28,6755.0,1280944,228810.KS
2025-05-29,6895.0,1103858,228810.KS
2025-05-30,6870.0,434929,228810.KS
2025-06-02,6975.0,529089,228810.KS
2025-06-04,7105.0,515597,228810.KS
2025-06-05,7215.0,539766,228810.KS
2025-06-09,7260.0,1353682,228810.KS
2025-06-10,7620.0,1566540,228810.KS
2025-06-11,7410.0,2275678,228810.KS
2025-06-12,7410.0,601762,228810.KS
2025-06-13,7255.0,862966,228810.KS
2025-06-16,7390.0,641360,228810.KS
2025-06-17,7420.0,569779,228810.KS
2025-06-18,7490.0,496902,228810.KS
2025-06-19,7525.0,432632,228810.KS
2025-06-20,7700.0,1086763,228810.KS
2025-06-23,7595.0,544285,228810.KS
2025-06-24,7685.0,589659,228810.KS
2025-06-25,7625.0,516360,228810.KS
2025-06-26,7485.0,497397,228810.KS
2025-06-27,7555.0,344004,228810.KS
2025-06-30,7590.0,332031,228810.KS
2025-07-01,7540.0,429153,228810.KS
2025-07-02,7310.0,578004,228810.KS
2025-07-03,7100.0,579274,228810.KS
2025-07-04,6970.0,712900,228810.KS
2025-07-07,6975.0,267385,228810.KS
2025-07-08,7265.0,386001,228810.KS
2025-07-09,7270.0,253606,228810.KS
2025-07-10,7175.0,304655,228810.KS
2025-07-11,7155.0,316412,228810.KS
2025-07-14,7150.0,252482,228810.KS
2025-07-15,7150.0,314499,228810.KS
2025-07-16,6990.0,377259,228810.KS
2025-07-17,6960.0,349950,228810.KS
2025-07-18,6940.0,240188,228810.KS
2025-07-21,7135.0,436656,228810.KS
2025-07-22,6990.0,305185,228810.KS
2025-07-23,6845.0,294899,228810.KS
2025-07-24,6680.0,600073,228810.KS
2025-07-25,6650.0,177833,228810.KS
2025-07-28,6520.0,348962,228810.KS
2025-07-29,6585.0,243373,228810.KS
2025-07-30,6535.0,275988,228810.KS
2025-07-31,6770.0,639986,228810.KS
2025-08-01,6490.0,874255,228810.KS
2025-08-04,6635.0,321714,228810.KS
2025-08-05,6720.0,417992,228810.KS
2025-08-06,6840.0,409093,228810.KS
2025-08-07,7005.0,551378,228810.KS
2025-08-08,7225.0,1008925,228810.KS
2025-08-11,7405.0,1203230,228810.KS
2025-08-12,7365.0,794729,228810.KS
2025-08-13,7130.0,901837,228810.KS
2025-08-14,7155.0,430435,228810.KS
2025-08-18,7035.0,333389,228810.KS
2025-08-19,7185.0,674463,228810.KS
2025-08-20,7260.0,551615,228810.KS
2025-08-21,7280.0,579149,228810.KS
2025-08-22,7175.0,297620,228810.KS
2025-08-25,7235.0,190424,228810.KS
2025-08-26,7265.0,681637,228810.KS
2025-08-27,7175.0,351340,228810.KS
2025-08-28,6980.0,617296,228810.KS
2025-08-29,6880.0,352599,228810.KS
2025-09-01,6930.0,341396,228810.KS
2025-09-02,6855.0,280053,228810.KS
2025-09-03,6770.0,360104,228810.KS
2025-09-04,6785.0,242133,228810.KS
2025-09-05,6890.0,304549,228810.KS
2025-09-08,6950.0,188855,228810.KS
2025-09-09,6845.0,293270,228810.KS
2025-09-10,6900.0,302953,228810.KS
2025-09-11,6890.0,213935,228810.KS
2025-09-12,6940.0,373287,228810.KS
2025-09-15,6860.0,347910,228810.KS
2025-09-16,6880.0,319937,228810.KS
2025-09-17,6930.0,328367,228810.KS
2025-09-18,7000.0,353963,228810.KS
2025-09-19,6970.0,84266,228810.KS
